行驶状态,编码器速度,惯性导航解算速度,slam位移,惯性导航解算位移
0,8.01617e-05,0,0,-6.00383e-07
0,0.000206884,0,0,-7.11233e-07
0,0.000100656,0,0,-7.02956e-07
0,0.000252424,0,0,-5.77405e-07
0,0.000231228,0,0,-4.46781e-07
0,0,0,0,-3.33825e-07
0,4.48308e-05,0,0,-3.42692e-07
0,0.000235343,0,0,-4.761e-07
0,0,0,0,-5.9605e-07
0,0.000270804,0,0,-7.08752e-07
0,0,0,0,-7.09689e-07
0,0,0,0,-6.98714e-07
0,0.000262392,0,0,-5.55866e-07
0,0.000241906,0,0,-4.30315e-07
0,0.000238347,0,0,-2.92645e-07
0,6.1312e-05,0,0,-2.93468e-07
0,5.94024e-05,0,0,-2.99582e-07
0,8.13012e-05,0,0,-4.14982e-07
0,2.52611e-05,0,0,-5.43211e-07
0,0.000205319,0,0,-5.44035e-07
0,0.000276098,0,0,-5.3306e-07
0,0.000269616,0,0,-4.12061e-07
0,0.000219594,0,0,-2.7439e-07
0,0.000133227,0,0.000388691,-1.60638e-07
0,0.000247993,0,0.000388691,-3.33231e-08
0,0,0,0.000388691,-3.4147e-08
0,0.000200564,0,0.000345621,-3.95206e-08
0,0.000152753,0,0.000345621,-4.04579e-08
0,0,0,0.000345621,-3.67304e-08
0,0.000101261,0,0.000345621,-3.24894e-08
0,0.000144289,0,0.000365301,-2.87619e-08
0,0.000194326,0,0.000365301,-2.45208e-08
0,0.000204902,0,0.000365301,-2.07933e-08
0,0.000197482,0,0.000365301,-2.17307e-08
0,0.000118837,0,0.000581091,-2.25546e-08
0,3.54031e-05,0,0.000581091,-1.48677e-07
0,0.000270018,0,0.000581091,-2.59527e-07
0,0.000204917,0,0.000808573,-3.80473e-07
0,0.000167896,0,0.000808573,-3.76745e-07
0,0,0,0.000808573,-3.72504e-07
0,0.000240459,0,0.000808573,-3.73328e-07
0,2.35412e-05,0,0.00103413,-3.74152e-07
0,0.000215727,0,0.00103413,-3.75089e-07
0,0.000183818,0,0.00103413,-3.75913e-07
0,4.97181e-05,0,0.00103413,-3.7685e-07
0,3.90065e-05,0,0.000498231,-3.77674e-07
0,0.00019526,0,0.000498231,-3.73947e-07
0,0.000201836,0,0.000498231,-3.70219e-07
0,0.000239108,0,0.000865601,-2.37725e-07
0,0,0,0.000865601,-1.21276e-07
0,4.08851e-05,0,0.000865601,-1.1485e-07
0,0.000177054,0,0.000865601,-1.12718e-07
0,4.40168e-05,0,0.000311789,-1.10844e-07
0,0.000285934,0,0.000311789,-1.11668e-07
0,0.000248893,0,0.000311789,-1.07427e-07
0,0.000266424,0,0.00056955,-1.03699e-07
0,0,0,0.00056955,-9.99719e-08
0,0.000235412,0,0.00056955,-9.62444e-08
0,4.60838e-05,0,0.00056955,-9.25169e-08
0,6.55714e-05,0,0.00103124,-9.33408e-08
0,0.000265661,0,0.00103124,-9.42782e-08
0,0.000195378,0,0.00103124,-9.52155e-08
0,4.90847e-05,0,0.00103124,-8.87901e-08
0,0.000192468,0,0.000648336,-8.23647e-08
0,0.00018978,0,0.000648336,-7.5054e-08
0,0.000256334,0,0.000648336,-6.86286e-08
0,0.000165323,0,0.000648336,-6.13179e-08
0,0.000283618,0,0.000595042,-5.48925e-08
0,5.81712e-05,0,0.000595042,-4.75818e-08
0,4.89016e-05,0,0.000595042,-4.11564e-08
0,0.000284163,0,0.000595042,-3.38457e-08
0,0.000225204,0,0.00055743,-2.6535e-08
0,0.000198457,0,0.00055743,-2.01096e-08
0,3.72792e-05,0,0.00055743,-1.27989e-08
0,0.000149131,0,0.00055743,-5.48826e-09
0,0.000220516,0,0.000249792,9.37151e-10
0,0.000251875,0,0.000249792,4.66465e-09
0,0.000174748,0,0.000249792,8.39215e-09
0,0,0,0.000718239,1.26332e-08
0,0.000120944,0,0.000718239,1.68743e-08
0,7.19857e-05,0,0.000718239,2.11154e-08
0,0.000208277,0,0.000950322,2.48429e-08
0,0.000305764,0,0.000950322,2.90839e-08
0,9.30506e-05,0,0.000950322,3.28114e-08
0,0.000219007,0,0.000950322,3.65389e-08
0,0.000268103,0,0.000733249,3.57151e-08
0,0.000212705,0,0.000733249,3.47777e-08
0,0.000193616,0,0.000733249,3.39538e-08
0,0.00025727,0,0.000733249,3.31299e-08
0,0,0,0.00029828,3.21925e-08
0,0.000212274,0,0.00029828,3.12552e-08
0,0.00023383,0,0.00029828,3.04313e-08
0,0.000269017,0,0.00029828,2.96074e-08
0,2.40871e-05,0,0.000218061,2.867e-08
0,0.000217929,0,0.000218061,2.78462e-08
0,0.00017734,0,0.000218061,3.15737e-08
0,0,0,0.000948899,3.53012e-08
0,3.49224e-05,0,0.000948899,3.95422e-08
0,0.000229131,0,0.000948899,4.32697e-08
0,3.28848e-05,0,0.000948899,4.75108e-08
0,0.000144756,0,0.000953821,5.12383e-08
0,0.000195384,0,0.000953821,5.54794e-08
0,0.000226474,0,0.000953821,5.46555e-08
0,0.000285717,0,0.000953821,5.37181e-08
0,0,0,0.000474588,5.28943e-08
0,0.000235353,0,0.000474588,5.71353e-08
0,0.000167229,0,0.000474588,6.13764e-08
0,0,0,0.000474588,6.51039e-08
0,0.000161682,0,0.000440118,6.88314e-08
0,0,0,0.000440118,7.30725e-08
0,0.000232488,0,0.000440118,7.68e-08
0,0.000164205,0,0.000701645,8.1041e-08
0,0.000138056,0,0.000701645,8.47685e-08
0,0.000285896,0,0.000701645,8.90096e-08
0,0.00033007,0,0.000764737,9.32507e-08
0,0.000238788,0,0.000764737,9.69782e-08
0,4.32268e-05,0,0.000764737,1.01219e-07
0,0.000270799,0,0.000764737,1.04947e-07
0,0.000185916,0,0.000603582,1.08674e-07
0,0.00021009,0,0.000603582,1.12915e-07
0,0.000256748,0,0.000603582,1.16643e-07
0,0.000192895,0,0.000603582,1.2037e-07
0,0.000274937,0,0.00108012,1.24098e-07
0,3.69486e-05,0,0.00108012,1.28339e-07
0,0.000227038,0,0.00108012,1.3258e-07
0,0.000172394,0,0.00108012,1.36307e-07
0,0.000222032,0,0.00113762,1.40549e-07
0,0.00018061,0,0.00113762,1.44276e-07
0,6.56236e-05,0,0.00113762,1.48004e-07
0,6.29673e-05,0,0.00126053,1.51731e-07
0,0.000181313,0,0.00126053,1.55459e-07
0,0,0,0.00126053,1.597e-07
0,2.25463e-05,0,0.00126053,1.63941e-07
0,0.000282228,0,0.000774732,1.67668e-07
0,0.000201756,0,0.000774732,1.71909e-07
0,0.000262917,0,0.000774732,1.75637e-07
0,0.000205509,0,0.000774732,1.79878e-07
0,0.000298839,0,0.00070566,1.84119e-07
0,0.000134719,0,0.00070566,1.8836e-07
0,0.000219846,0,0.00070566,1.87536e-07
0,0.000208422,0,0.00070566,1.86599e-07
0,0.000159683,0,0.000729985,1.85775e-07
0,0.000126273,0,0.000729985,1.84837e-07
0,0.000237308,0,0.000729985,1.89079e-07
0,0.000121276,0,0.00089474,1.92806e-07
0,0.00026314,0,0.00089474,1.97047e-07
0,2.53459e-05,0,0.00089474,1.9611e-07
0,0.000180251,0,0.00055044,1.95286e-07
0,0.000182327,0,0.00055044,1.94462e-07
0,0,0,0.00055044,1.98703e-07
0,0,0,0.00055044,2.02944e-07
0,0.000251913,0,0.000547591,9.66441e-08
0,0.000137522,0,0.000547591,-9.65595e-09
0,0.000204005,0,0.000547591,-1.30602e-07
0,0.000220127,0,0.000547591,-1.26361e-07
0,0.000170524,0,0.000567491,-1.2212e-07
0,0,0,0.000567491,-1.17879e-07
0,3.23693e-05,0,0.000567491,-1.14151e-07
0,0.000109182,0,0.000567491,-1.10424e-07
0,3.2242e-05,0,0.000490666,-1.03998e-07
0,0,0,0.000490666,-9.66875e-08
0,0.000203305,0,0.000490666,-9.02621e-08
0,7.60715e-05,0,0.000736605,-8.29514e-08
0,0.00030059,0,0.000736605,-7.56407e-08
0,0,0,0.000736605,-7.19132e-08
0,2.71271e-05,0,0.000736605,-6.76721e-08
0,0.00023171,0,0.00055112,-6.39446e-08
0,0.000260147,0,0.00055112,-5.97036e-08
0,0,0,0.00055112,-5.59761e-08
0,0.000248914,0,0.00055112,-5.1735e-08
0,0,0,0.000498133,-4.80075e-08
0,0,0,0.000498133,-4.88314e-08
0,0.000244416,0,0.000498133,-4.96552e-08
0,3.37199e-05,0,0.000914135,-5.05926e-08
0,0.000247441,0,0.000914135,-5.153e-08
0,4.66976e-05,0,0.000914135,-5.23539e-08
0,0.000117254,0,0.000914135,-5.32913e-08
0,0.000202065,0,0.000556763,-5.41151e-08
0,0.00013846,0,0.000556763,-5.4939e-08
0,0.000216241,0,0.000556763,-5.12115e-08
0,0.000334582,0,0.000556763,-4.69704e-08
0,0.000192237,0,0.000907197,-4.27294e-08
0,6.01334e-05,0,0.000907197,-3.90019e-08
0,0.000156287,0,0.000907197,-3.47608e-08
0,0.00016389,0,0.00129473,-3.05197e-08
0,6.54545e-05,0,0.00129473,-2.67922e-08
0,0.000138282,0,0.00129473,-2.30647e-08
0,0.000221552,0,0.00129473,-2.38886e-08
0,0.000221462,0,0.00086674,-2.4826e-08
0,8.92441e-05,0,0.00086674,-2.56499e-08
0,0.000229456,0,0.00086674,-2.64737e-08
0,0.000198342,0,0.00086674,-2.74111e-08
0,0.000231608,0,0.000357302,-2.83485e-08
0,0.000200253,0,0.000357302,-2.91724e-08
0,0.000168989,0,0.000357302,-3.01098e-08
0,0.000286525,0,0.000483566,-2.63823e-08
0,3.11567e-05,0,0.000483566,-2.21412e-08
0,0.000130849,0,0.000483566,-1.57158e-08
0,0.000222932,0,0.000483566,-8.40509e-09
0,0.000300458,0,0.000559905,-1.0944e-09
0,0.000214214,0,0.000559905,6.21629e-09
0,0.000236777,0,0.000559905,1.26417e-08
0,0.000220682,0,0.000559905,1.90671e-08
0,0.000210852,0,0.000952069,2.33082e-08
0,4.28353e-05,0,0.000952069,2.70357e-08
0,0.000239361,0,0.000952069,3.07632e-08
0,8.20931e-05,0,0.000952069,3.50043e-08
0,5.04047e-05,0,0.000940927,3.92453e-08
0,0.000139895,0,0.000940927,4.29728e-08
0,0.000237863,0,0.000940927,4.67003e-08
0,0.000233429,0,0.00112698,5.04278e-08
0,0.000238131,0,0.00112698,5.46689e-08
0,0.000213879,0,0.00112698,5.83964e-08
0,4.58704e-05,0,0.00112698,6.26375e-08
0,0.000300938,0,0.000977284,6.6365e-08
0,0.000152772,0,0.000977284,7.0606e-08
0,0,0,0.000977284,7.43335e-08
0,0.000272504,0,0.000977284,8.07589e-08
0,0.000235274,0,0.000439202,8.71843e-08
0,0.000177584,0,0.000439202,9.4495e-08
0,5.20502e-05,0,0.000439202,1.0092e-07
0,3.6304e-05,0,0.00053473,1.02794e-07
0,0.000271304,0,0.00053473,1.04927e-07
0,4.88415e-05,0,0.00053473,1.07059e-07
0,0.000276503,0,0.00053473,1.08933e-07
0,0.000220168,0,0.000994637,1.10807e-07
0,0.000163339,0,0.000994637,1.12939e-07
0,0,0,0.000994637,1.1718e-07
0,0.000232647,0,0.00153508,1.20908e-07
0,0.000274734,0,0.00153508,1.28219e-07
0,5.9703e-05,0,0.00153508,1.34644e-07
0,6.2008e-05,0,0.00153508,1.41069e-07
0,0.000147234,0,0.000433562,1.47495e-07
0,0.000253938,0,0.000433562,1.54805e-07
0,0.000208406,0,0.000433562,1.61231e-07
0,0.000181653,0,0.000433562,1.65472e-07
0,4.46982e-05,0,0.00104389,1.64648e-07
0,0.000128751,0,0.00104389,1.63711e-07
0,3.52485e-05,0,0.00104389,1.62887e-07
0,4.06391e-05,0,0.00104389,1.61949e-07
0,0.000219502,0,0.00121589,1.61126e-07
0,5.52082e-05,0,0.00121589,1.68436e-07
0,0.000240175,0,0.00121589,1.75747e-07
0,0.000114641,0,0.00127427,1.79474e-07
0,0,0,0.00127427,1.83202e-07
0,0.00025134,0,0.00127427,1.87443e-07
0,0.000268519,0,0.00127427,1.91684e-07
0,8.53279e-05,0,0.00109768,1.95412e-07
0,0.000121983,0,0.00109768,1.99653e-07
0,0.000198747,0,0.00109768,2.0338e-07
0,2.71959e-05,0,0.00109768,2.07621e-07
0,0.000210509,0,0.00116096,2.11349e-07
0,0.000130153,0,0.00116096,2.10411e-07
0,0.000174155,0,0.00116096,2.09587e-07
0,0.000227591,0,0.000958257,2.1172e-07
0,0.000117479,0,0.000958257,2.13594e-07
0,0.000218678,0,0.000958257,2.15726e-07
0,6.5572e-05,0,0.000958257,2.176e-07
0,0.000220374,0,3.19593e-05,2.19732e-07
0,0.000123392,0,3.19593e-05,2.18908e-07
0,0.000227001,0,3.19593e-05,2.18085e-07
0,0.000209617,0,3.19593e-05,2.17147e-07
0,0.000242844,0,0.000352525,2.16323e-07
0,0,0,0.000352525,2.15499e-07
0,0.000233756,0,0.000352525,2.14562e-07
0,0.000209845,0,0.000781632,2.13738e-07
0,0,0,0.000781632,2.12801e-07
0,0.00021972,0,0.000781632,2.16528e-07
0,0,0,0.000781632,2.20769e-07
0,0,0,0.000628923,2.2501e-07
0,0,0,0.000628923,2.28738e-07
0,0.0002631,0,0.000628923,2.32465e-07
0,3.78596e-05,0,0.000628923,3.46217e-07
0,0,0,0.000493716,4.75641e-07
0,3.49293e-05,0,0.000493716,5.89393e-07
0,0.0002163,0,0.000493716,6.951e-07
0,0.000189329,0,0.000973292,8.15372e-07
0,0.000311474,0,0.000973292,9.21079e-07
1,0.00111579,0.000125988,0.000973292,3.7558e-06
0,0.000377938,0.000140375,0.000973292,6.11689e-06
1,0.000586093,0.000266362,0.000973292,1.10572e-05
1,0.000939654,0.000400749,0.000821536,1.85443e-05
1,0.00219653,0.000526737,0.000821536,2.73903e-05
1,0.00197309,0.000677419,0.000821536,3.94344e-05
1,0.00353764,0.000833353,0.000665094,5.31042e-05
1,0.00261661,0.00103098,0.000665094,7.11809e-05
1,0.00391062,0.00124361,0.000665094,9.27796e-05
1,0.00385542,0.00147228,0.000665094,0.000116579
1,0.00574946,0.00171563,0.000755307,0.000144139
1,0.00594602,0.00199085,0.000755307,0.000178194
1,0.00739846,0.0022342,0.000755307,0.000213532
1,0.00796051,0.00246288,0.000755307,0.00025219
1,0.00911936,0.00267589,0.000591441,0.000296709
1,0.0105805,0.00284093,0.000591441,0.000343484
1,0.0116687,0.00296667,0.000591441,0.000388927
1,0.0124155,0.00306246,0.000591441,0.000435582
1,0.0142014,0.00313334,0.000580407,0.000486283
1,0.0137603,0.00318884,0.000580407,0.000537748
1,0.0161278,0.00324112,0.000580407,0.000586757
1,0.0176818,0.00333,0.000684001,0.000640748
1,0.020336,0.00348912,0.000684001,0.000694279
1,0.0220302,0.00382795,0.000684001,0.000754239
1,0.0234609,0.00446861,0.0011817,0.000826073
1,0.0256469,0.00562573,0.0011817,0.000925342
1,0.0269958,0.00738044,0.0011817,0.00105747
1,0.0301781,0.00980955,0.0011817,0.00123385
1,0.0308764,0.0126884,0.0011817,0.00144577
1,0.0319419,0.0161028,0.000484196,0.00171292
1,0.0349206,0.0202042,0.000484196,0.002069
1,0.0377958,0.0242315,0.000542935,0.00246267
1,0.0392185,0.0285662,0.000542935,0.00295441
1,0.0410785,0.0324533,0.000542935,0.00347036
1,0.044077,0.036092,0.000542935,0.00403903
1,0.0461274,0.0393697,0.002672,0.00465416
1,0.0488354,0.0425439,0.002672,0.00536026
1,0.0511265,0.0452166,0.002672,0.00605855
1,0.0536507,0.0476023,0.002672,0.00679048
1,0.0570682,0.0497726,0.00541884,0.00755335
1,0.0588656,0.0519472,0.00541884,0.0084019
1,0.0631781,0.0540727,0.00541884,0.00928407
1,0.065424,0.0560625,0.00541884,0.0101399
1,0.0678379,0.0581065,0.00840516,0.0110269
1,0.0710817,0.0604259,0.00840516,0.0120122
1,0.0743926,0.0627889,0.00840516,0.0129718
1,0.0780869,0.0654819,0.0115194,0.014041
1,0.0799658,0.0681991,0.0115194,0.0150844
1,0.0839073,0.0712872,0.0115194,0.0162497
1,0.0880999,0.074519,0.0115194,0.0174679
1,0.0896966,0.0776537,0.0150056,0.0186562
1,0.0936637,0.0808481,0.0150056,0.0198928
1,0.0974648,0.0842864,0.0150056,0.0212689
1,0.10116,0.0874924,0.0150056,0.0226054
1,0.104844,0.0909105,0.0196393,0.0240873
1,0.108794,0.0943097,0.0196393,0.0256234
1,0.112756,0.0975096,0.0196393,0.0271101
1,0.116335,0.100753,0.0254933,0.0286457
1,0.120583,0.104321,0.0254933,0.0303434
1,0.123893,0.108001,0.0254933,0.0321008
1,0.128012,0.111572,0.0254933,0.0338012
1,0.131869,0.115525,0.0317393,0.0356812
1,0.136077,0.119366,0.0317393,0.0375005
1,0.139352,0.12359,0.0317393,0.0395117
1,0.142917,0.127912,0.0317393,0.0415929
1,0.147664,0.132317,0.0378532,0.0437452
1,0.151901,0.136495,0.0378532,0.045824
1,0.156729,0.140642,0.0378532,0.0479647
1,0.15891,0.144681,0.045801,0.0501652
1,0.16377,0.148804,0.045801,0.0525791
1,0.168616,0.15246,0.045801,0.0548934
1,0.171436,0.155907,0.045801,0.0572579
1,0.1769,0.159411,0.0554918,0.0598365
1,0.180367,0.162632,0.0554918,0.0623001
1,0.184724,0.165887,0.0554918,0.0648128
1,0.188084,0.169532,0.0653547,0.0675545
1,0.192207,0.173418,0.0653547,0.0703603
1,0.19535,0.177558,0.0653547,0.0732343
1,0.19971,0.181672,0.0653547,0.0759903
1,0.202631,0.185982,0.0761608,0.0788123
1,0.206419,0.190671,0.0761608,0.0819006
1,0.211699,0.195402,0.0761608,0.0850649
1,0.215618,0.199801,0.0880685,0.0880949
1,0.218772,0.204394,0.0880685,0.0914019
1,0.221798,0.208579,0.0880685,0.094562
1,0.226112,0.212633,0.0880685,0.0977819
1,0.230291,0.216813,0.100416,0.101284
1,0.233311,0.220612,0.100416,0.104622
1,0.236531,0.22433,0.100416,0.108015
1,0.23962,0.228162,0.100416,0.111696
1,0.243625,0.231677,0.114297,0.115198
1,0.247081,0.235358,0.114297,0.118993
1,0.250788,0.238973,0.114297,0.122845
1,0.253022,0.242373,0.114297,0.126506
1,0.255617,0.245803,0.127924,0.130219
1,0.259111,0.249309,0.127924,0.133985
1,0.263081,0.252923,0.127924,0.137806
1,0.265908,0.256658,0.142965,0.141684
1,0.267216,0.260753,0.142965,0.145889
1,0.267335,0.264639,0.142965,0.149887
1,0.272699,0.268755,0.142965,0.15422
1,0.276795,0.272494,0.158514,0.158336
1,0.278087,0.276057,0.158514,0.162503
1,0.278712,0.27959,0.158514,0.167005
1,0.280732,0.282628,0.158514,0.171267
1,0.283602,0.285437,0.174496,0.17557
1,0.286625,0.288207,0.174496,0.180203
1,0.288515,0.29057,0.174496,0.18458
1,0.289197,0.292812,0.190452,0.188989
1,0.29006,0.295145,0.190452,0.19373
1,0.294363,0.297225,0.190452,0.198204
1,0.294193,0.299433,0.190452,0.203012
1,0.295436,0.301446,0.209688,0.207549
1,0.297354,0.303293,0.209688,0.212112
1,0.297871,0.305,0.209688,0.2167
1,0.298248,0.306479,0.209688,0.221308
1,0.297964,0.307801,0.228724,0.226244
1,0.29931,0.308778,0.228724,0.230883
1,0.299919,0.3096,0.228724,0.235843
1,0.300426,0.3102,0.228724,0.2405
1,0.29991,0.310703,0.246804,0.245165
1,0.299619,0.311093,0.246804,0.249834
1,0.299623,0.311316,0.246804,0.254506
1,0.299379,0.311344,0.264563,0.259176
1,0.300658,0.311203,0.264563,0.264154
1,0.299245,0.310921,0.264563,0.269127
1,0.300108,0.310552,0.264563,0.273782
1,0.300446,0.310078,0.283119,0.278739
1,0.298881,0.309619,0.283119,0.28338
1,0.299597,0.309176,0.283119,0.288324
1,0.300222,0.308832,0.300692,0.292954
1,0.301337,0.308603,0.300692,0.297889
1,0.299696,0.308521,0.300692,0.302517
1,0.298968,0.30864,0.300692,0.307456
1,0.299427,0.30892,0.319928,0.312092
1,0.301853,0.309324,0.319928,0.316735
1,0.300642,0.309812,0.319928,0.321385
1,0.298515,0.310369,0.319928,0.326356
1,0.29957,0.310841,0.337887,0.331022
1,0.300916,0.311317,0.337887,0.336007
1,0.300789,0.311727,0.337887,0.340686
1,0.299692,0.312064,0.356095,0.345681
1,0.299737,0.312287,0.356095,0.35068
1,0.300172,0.312449,0.356095,0.355368
1,0.300051,0.31251,0.356095,0.360056
1,0.299704,0.312486,0.37477,0.365056
1,0.300329,0.312396,0.37477,0.369741
1,0.300653,0.312226,0.37477,0.374735
1,0.30058,0.312024,0.37477,0.379414
1,0.299557,0.311792,0.392657,0.384401
1,0.299378,0.311495,0.392657,0.389382
1,0.301761,0.31117,0.392657,0.394047
1,0.300386,0.310883,0.41128,0.399019
1,0.299754,0.310643,0.41128,0.403988
1,0.300217,0.310515,0.41128,0.408644
1,0.300124,0.310458,0.41128,0.413611
1,0.300652,0.310542,0.429122,0.418581
1,0.299288,0.310723,0.429122,0.423243
1,0.299699,0.310937,0.429122,0.427908
1,0.300331,0.311105,0.429122,0.432887
1,0.300413,0.311187,0.448618,0.437867
1,0.3006,0.311154,0.448618,0.442534
1,0.299974,0.310967,0.448618,0.447197
1,0.298985,0.310596,0.466371,0.452164
1,0.299961,0.31011,0.466371,0.456812
1,0.300153,0.309514,0.466371,0.46145
1,0.30065,0.308759,0.466371,0.466384
1,0.30024,0.308039,0.482938,0.470999
1,0.300509,0.3073,0.482938,0.47591
1,0.298865,0.306722,0.482938,0.480507
1,0.299497,0.306176,0.501295,0.485401
1,0.300532,0.305787,0.501295,0.489985
1,0.300793,0.305462,0.501295,0.49487
1,0.299674,0.305219,0.501295,0.499446
1,0.299227,0.304885,0.520705,0.504322
1,0.300109,0.304538,0.520705,0.508887
1,0.301601,0.304206,0.520705,0.513448
1,0.299695,0.303897,0.520705,0.518308
1,0.299803,0.303665,0.53845,0.523165
1,0.298954,0.303558,0.53845,0.527717
1,0.301504,0.303632,0.53845,0.532272
1,0.300206,0.303833,0.53845,0.537135
1,0.29915,0.304089,0.555714,0.541698
1,0.299242,0.304339,0.555714,0.54657
1,0.299882,0.304523,0.555714,0.551444
1,0.300794,0.304604,0.555714,0.556013
1,0.298863,0.304602,0.573079,0.560887
1,0.299774,0.304461,0.573079,0.565453
1,0.300561,0.304271,0.573079,0.570015
1,0.300279,0.304039,0.592084,0.574878
1,0.298973,0.303871,0.592084,0.579435
1,0.299703,0.303745,0.592084,0.58399
1,0.301296,0.303696,0.592084,0.588849
1,0.300741,0.303781,0.609246,0.593406
1,0.299087,0.303971,0.609246,0.598271
1,0.299213,0.304231,0.609246,0.602837
1,0.300757,0.304581,0.609246,0.607408
1,0.30024,0.30497,0.627599,0.612291
1,0.299867,0.305291,0.627599,0.616872
1,0.298601,0.305546,0.627599,0.621458
1,0.300096,0.305735,0.645373,0.626045
1,0.300582,0.305878,0.645373,0.63094
1,0.300197,0.305964,0.645373,0.63553
1,0.299474,0.306054,0.645373,0.640428
1,0.298826,0.306168,0.663322,0.645021
1,0.300778,0.306359,0.663322,0.649925
1,0.29945,0.306565,0.663322,0.654525
1,0.300238,0.306794,0.663322,0.659128
1,0.299358,0.307047,0.682286,0.664043
1,0.300119,0.30729,0.682286,0.668654
1,0.299571,0.307508,0.682286,0.673268
1,0.299907,0.30765,0.701034,0.678192
1,0.300611,0.307632,0.701034,0.682806
1,0.300682,0.307458,0.701034,0.687417
1,0.299487,0.307139,0.701034,0.692021
1,0.300096,0.30671,0.718642,0.696619
1,0.299822,0.306247,0.718642,0.701515
1,0.301108,0.305946,0.718642,0.706102
1,0.299905,0.305877,0.736335,0.710996
1,0.299176,0.306002,0.736335,0.715587
1,0.300395,0.306331,0.736335,0.720491
1,0.301125,0.306738,0.736335,0.725095
1,0.300133,0.30711,0.753565,0.729704
1,0.299463,0.307458,0.753565,0.734626
1,0.299012,0.307692,0.753565,0.739243
1,0.301019,0.307845,0.753565,0.743862
1,0.299911,0.307917,0.771634,0.748481
1,0.300184,0.307962,0.771634,0.753409
1,0.300218,0.307975,0.771634,0.758337
1,0.3005,0.307975,0.79012,0.762957
1,0.30013,0.30797,0.79012,0.767884
1,0.299058,0.307942,0.79012,0.772503
1,0.300433,0.307861,0.79012,0.77712
1,0.30062,0.307778,0.808833,0.781736
1,0.300424,0.307701,0.808833,0.786659
1,0.299541,0.307597,0.808833,0.791272
1,0.299419,0.307465,0.808833,0.79619
1,0.30127,0.307243,0.827023,0.801105
1,0.300421,0.307008,0.827023,0.806015
1,0.299598,0.306725,0.827023,0.810614
1,0.299618,0.306393,0.84412,0.815207
1,0.301174,0.305994,0.84412,0.8201
1,0.300972,0.305552,0.84412,0.824985
1,0.299843,0.30512,0.84412,0.829559
1,0.299289,0.304652,0.861694,0.834429
1,0.299981,0.304237,0.861694,0.83899
1,0.300607,0.303838,0.861694,0.843848
1,0.300317,0.303551,0.861694,0.848399
1,0.299743,0.303355,0.880501,0.853251
1,0.299771,0.303248,0.880501,0.857799
1,0.299914,0.303215,0.880501,0.86265
1,0.300131,0.303248,0.880501,0.867502
1,0.300323,0.303255,0.897313,0.872355
1,0.29951,0.303239,0.897313,0.876903
1,0.300923,0.303243,0.897313,0.881755
1,0.298982,0.303272,0.915798,0.886608
1,0.299811,0.303322,0.915798,0.891158
1,0.299869,0.30341,0.915798,0.89571
1,0.300594,0.303556,0.915798,0.900568
1,0.29983,0.303742,0.935007,0.905125
1,0.298787,0.303893,0.935007,0.909989
1,0.300103,0.303946,0.935007,0.914548
1,0.300291,0.303918,0.935007,0.919107
1,0.299876,0.303791,0.950934,0.923966
1,0.299245,0.303625,0.950934,0.928519
1,0.299073,0.303432,0.950934,0.933373
1,0.301003,0.303297,0.96899,0.937921
1,0.300155,0.303258,0.96899,0.94247
1,0.300019,0.303338,0.96899,0.947931
1,0.29895,0.303489,0.96899,0.951877
1,0.300667,0.30368,0.987536,0.956434
1,0.29988,0.303895,0.987536,0.961298
1,0.299719,0.304065,0.987536,0.966164
1,0.29931,0.304207,0.987536,0.970728
1,0.30142,0.304342,1.00599,0.975599
1,0.299747,0.304452,1.00599,0.980471
1,0.299004,0.304577,1.00599,0.98504
1,0.300025,0.304734,1.02388,0.989613
1,0.301009,0.304937,1.02388,0.994493
1,0.300324,0.3052,1.02388,0.999379
1,0.297666,0.305478,1.02388,1.00396
1,0.299767,0.30583,1.042,1.00886
1,0.301405,0.306273,1.042,1.01376
1,0.300977,0.306733,1.042,1.01837
1,0.298821,0.307226,1.042,1.02329
1,0.298855,0.307662,1.06131,1.0279
1,0.300487,0.308086,1.06131,1.03284
1,0.301027,0.308412,1.06131,1.03747
1,0.299855,0.308683,1.07906,1.0421
1,0.298851,0.308877,1.07906,1.04704
1,0.299961,0.308962,1.07906,1.05199
1,0.300594,0.308933,1.07906,1.05662
1,0.299732,0.308809,1.09725,1.06156
1,0.299147,0.308556,1.09725,1.06619
1,0.299879,0.308196,1.09725,1.07081
1,0.300348,0.307803,1.09725,1.07542
1,0.299835,0.307431,1.1159,1.08034
1,0.300146,0.307123,1.1159,1.08494
1,0.300661,0.306876,1.1159,1.08954
1,0.301035,0.306694,1.1342,1.09414
1,0.29881,0.306616,1.1342,1.09905
1,0.299285,0.30659,1.1342,1.10365
1,0.299372,0.306551,1.1342,1.10855
1,0.300775,0.306496,1.15208,1.11345
1,0.300112,0.306368,1.15208,1.11835
1,0.300319,0.306169,1.15208,1.12295
1,0.300221,0.305906,1.15208,1.12784
1,0.299685,0.305654,1.17093,1.13273
1,0.300533,0.305506,1.17093,1.13731
1,0.300308,0.305445,1.17093,1.14219
1,0.300216,0.305521,1.18959,1.14678
1,0.300597,0.305731,1.18959,1.15137
1,0.299059,0.306031,1.18959,1.15596
1,0.300249,0.3064,1.18959,1.16086
1,0.299558,0.306687,1.20856,1.16547
1,0.301693,0.306867,1.20856,1.17038
1,0.300352,0.306935,1.20856,1.17498
1,0.298969,0.306884,1.20856,1.17958
1,0.300382,0.306629,1.22636,1.18418
1,0.302438,0.306278,1.22636,1.18908
1,0.299433,0.305975,1.22636,1.19367
1,0.297884,0.305656,1.22636,1.19825
1,0.299511,0.305348,1.24487,1.20283
1,0.302421,0.305066,1.24487,1.20771
1,0.301696,0.304849,1.24487,1.21258
1,0.298463,0.304697,1.26301,1.21715
1,0.298563,0.304586,1.26301,1.22202
1,0.300682,0.3045,1.26301,1.22659
1,0.301512,0.304457,1.26301,1.23146
1,0.29986,0.304508,1.28193,1.23633
1,0.29951,0.304552,1.28193,1.2409
1,0.300574,0.304541,1.28193,1.24547
1,0.300896,0.304525,1.28193,1.25004
1,0.299595,0.304525,1.30113,1.25491
1,0.298517,0.304526,1.30113,1.25948
1,0.301408,0.304529,1.30113,1.26405
1,0.299702,0.304518,1.31881,1.26861
1,0.299821,0.304499,1.31881,1.27349
1,0.299546,0.304481,1.31881,1.27805
1,0.300489,0.304432,1.33599,1.28292
1,0.300607,0.304399,1.33599,1.28749
1,0.298523,0.30441,1.33599,1.29236
1,0.30006,0.304419,1.33599,1.29754
1,0.299943,0.304439,1.33599,1.3018
1,0.301517,0.304508,1.3541,1.30667
1,0.299279,0.304618,1.3541,1.31124
1,0.299026,0.304736,1.3541,1.31612
1,0.298893,0.304863,1.3541,1.32069
1,0.301033,0.304981,1.3733,1.32557
1,0.300153,0.305108,1.3733,1.33015
1,0.300119,0.30519,1.3733,1.33473
1,0.29895,0.30523,1.3733,1.33931
1,0.299917,0.305256,1.39197,1.34419
1,0.300038,0.305314,1.39197,1.34877
1,0.299085,0.305411,1.39197,1.35335
1,0.300685,0.305525,1.41113,1.35794
1,0.299968,0.305651,1.41113,1.36252
1,0.299869,0.305813,1.41113,1.36742
1,0.299608,0.305946,1.41113,1.37201
1,0.300668,0.306061,1.42889,1.3766
1,0.300835,0.306183,1.42889,1.3815
1,0.299602,0.306352,1.42889,1.3861
1,0.299856,0.306567,1.44503,1.391
1,0.300233,0.306757,1.44503,1.3956
1,0.301983,0.306962,1.44503,1.40052
1,0.299638,0.307171,1.44503,1.40513
1,0.298162,0.307378,1.46356,1.40974
1,0.299064,0.307556,1.46356,1.41435
1,0.302192,0.307698,1.46356,1.41928
1,0.300877,0.307757,1.46356,1.4239
1,0.298135,0.307797,1.48218,1.42851
1,0.299092,0.307729,1.48218,1.43344
1,0.302223,0.307534,1.48218,1.43805
1,0.300924,0.307321,1.50084,1.44266
1,0.300444,0.307075,1.50084,1.44757
1,0.299062,0.306748,1.50084,1.45247
1,0.300483,0.306396,1.50084,1.45707
1,0.301051,0.306012,1.51784,1.46165
1,0.299615,0.305639,1.51784,1.46623
1,0.300458,0.305225,1.51784,1.47111
1,0.300787,0.304813,1.51784,1.47599
1,0.300495,0.304471,1.53678,1.48055
1,0.299587,0.304235,1.53678,1.48511
1,0.299122,0.304092,1.53678,1.48998
1,0.30091,0.304033,1.55522,1.49454
1,0.300256,0.304088,1.55522,1.4994
1,0.298843,0.304215,1.55522,1.50397
1,0.300085,0.304385,1.55522,1.50854
1,0.30027,0.3046,1.5742,1.51341
1,0.301383,0.304816,1.5742,1.51829
1,0.299458,0.304998,1.5742,1.52317
1,0.299451,0.30502,1.5742,1.52775
1,0.299451,0.304864,1.59127,1.53232
1,0.29971,0.304506,1.59127,1.53719
1,0.299863,0.303933,1.59127,1.54174
1,0.300007,0.303208,1.60981,1.54629
1,0.30009,0.302278,1.60981,1.55111
1,0.300338,0.301423,1.60981,1.55563
1,0.300899,0.300688,1.60981,1.56013
1,0.300014,0.300117,1.62826,1.56463
1,0.299374,0.299654,1.62826,1.56942
1,0.300331,0.299457,1.62826,1.57391
1,0.299629,0.299478,1.62826,1.5784
1,0.29938,0.299629,1.64664,1.5832
1,0.299886,0.299797,1.64664,1.5877
1,0.300633,0.299937,1.64664,1.5922
1,0.301011,0.300055,1.66489,1.597
1,0.299328,0.300052,1.66489,1.6015
1,0.299466,0.299922,1.66489,1.6063
1,0.300961,0.299742,1.66489,1.61079
1,0.301128,0.299517,1.68285,1.61558
1,0.298649,0.299323,1.68285,1.62007
1,0.298811,0.299187,1.68285,1.62456
1,0.300931,0.299115,1.68285,1.62905
1,0.301336,0.299146,1.70056,1.63383
1,0.299624,0.299273,1.70056,1.63862
1,0.29954,0.299406,1.70056,1.64311
1,0.300157,0.299509,1.71953,1.64761
1,0.300222,0.299553,1.71953,1.6524
1,0.299566,0.299473,1.71953,1.65719
1,0.299343,0.299234,1.71953,1.66198
1,0.300222,0.298867,1.73673,1.66646
1,0.299595,0.298413,1.73673,1.67123
1,0.299952,0.297973,1.73673,1.67569
1,0.299956,0.297503,1.73673,1.68045
1,0.299455,0.297096,1.75576,1.6849
1,0.301051,0.296792,1.75576,1.68935
1,0.299355,0.296563,1.75576,1.6941
1,0.29969,0.296379,1.77359,1.69854
1,0.299582,0.296187,1.77359,1.70328
1,0.300013,0.296068,1.77359,1.70772
1,0.299436,0.296019,1.77359,1.71245
1,0.298975,0.295964,1.79197,1.71689
1,0.299824,0.295936,1.79197,1.72133
1,0.300755,0.295966,1.79197,1.72577
1,0.300812,0.296012,1.79197,1.73051
1,0.29976,0.296039,1.81038,1.73495
1,0.29961,0.296039,1.81038,1.73939
1,0.299851,0.296053,1.81038,1.74383
1,0.299761,0.296097,1.82842,1.74827
1,0.301139,0.296143,1.82842,1.75301
1,0.300002,0.296173,1.82842,1.75745
1,0.301145,0.296218,1.82842,1.7619
1,0.299774,0.296281,1.84735,1.76664
1,0.299278,0.296298,1.84735,1.77108
1,0.300094,0.296256,1.84735,1.77553
1,0.301453,0.29618,1.84735,1.78027
1,0.300613,0.296071,1.86508,1.785
1,0.298627,0.295911,1.86508,1.78944
1,0.299677,0.295602,1.86508,1.79417
1,0.302333,0.295284,1.86508,1.79859
1,0.300416,0.294977,1.88316,1.80331
1,0.29791,0.294707,1.88316,1.80773
1,0.30042,0.294482,1.88316,1.81214
1,0.301424,0.294323,1.9011,1.81685
1,0.302061,0.294256,1.9011,1.82156
1,0.299025,0.294229,1.9011,1.82597
1,0.299576,0.29423,1.9011,1.83039
1,0.300191,0.294295,1.91817,1.8351
1,0.300395,0.294374,1.91817,1.83981
1,0.301208,0.294449,1.91817,1.84422
1,0.299245,0.294417,1.93553,1.84864
1,0.300979,0.294242,1.93553,1.85335
1,0.299924,0.293925,1.93553,1.85775
1,0.300474,0.293433,1.93553,1.86215
1,0.299589,0.29272,1.95307,1.86683
1,0.30046,0.291978,1.95307,1.87149
1,0.300416,0.291325,1.95307,1.87586
1,0.299556,0.290757,1.95307,1.88051
1,0.30009,0.290342,1.97139,1.88486
1,0.300546,0.29003,1.97139,1.8895
1,0.300483,0.289855,1.97139,1.89384
1,0.297929,0.289701,1.99103,1.89848
1,0.299572,0.289499,1.99103,1.90282
1,0.299604,0.289212,1.99103,1.90744
1,0.300728,0.288943,1.99103,1.91177
1,0.298283,0.288692,2.00925,1.9161
1,0.299424,0.288469,2.00925,1.92072
1,0.298013,0.288364,2.00925,1.92504
1,0.298767,0.288364,2.00925,1.92937
1,0.297548,0.288511,2.02742,1.9337
1,0.294894,0.288686,2.02742,1.93803
1,0.293733,0.288809,2.02742,1.94265
1,0.294156,0.288822,2.04464,1.94698
1,0.292343,0.28868,2.04464,1.9516
1,0.288649,0.288351,2.04464,1.95621
1,0.28815,0.287823,2.04464,1.96052
1,0.288334,0.287082,2.06336,1.96511
1,0.284737,0.286254,2.06336,1.9694
1,0.280256,0.28534,2.06336,1.97367
1,0.278038,0.284208,2.06336,1.97821
1,0.276953,0.282971,2.06336,1.98245
1,0.27513,0.281598,2.08158,1.98666
1,0.270078,0.279962,2.08158,1.99113
1,0.267281,0.278194,2.08158,1.99528
1,0.266125,0.276186,2.09805,1.99941
1,0.263502,0.273809,2.09805,2.00377
1,0.256961,0.271287,2.09805,2.0081
1,0.253023,0.268745,2.09805,2.01211
1,0.250466,0.265798,2.11495,2.01634
1,0.247676,0.26284,2.11495,2.02026
1,0.243276,0.25963,2.11495,2.02413
1,0.237055,0.256166,2.13111,2.02794
1,0.233808,0.252077,2.13111,2.03194
1,0.229915,0.247946,2.13111,2.03563
1,0.224651,0.243595,2.13111,2.03925
1,0.220218,0.239054,2.14667,2.04281
1,0.214278,0.234049,2.14667,2.04651
1,0.209242,0.22921,2.14667,2.04991
1,0.204071,0.224018,2.1606,2.05346
1,0.197753,0.219161,2.1606,2.05671
1,0.192584,0.213932,2.1606,2.06009
1,0.187954,0.208959,2.1606,2.06318
1,0.181402,0.203956,2.17523,2.06621
1,0.173002,0.198602,2.17523,2.06934
1,0.16782,0.193465,2.17523,2.0722
1,0.162031,0.188136,2.17523,2.07499
1,0.155356,0.182216,2.18912,2.07785
1,0.148358,0.176087,2.18912,2.08062
1,0.141631,0.170163,2.18912,2.08313
1,0.135951,0.163641,2.2014,2.0857
1,0.128846,0.157391,2.2014,2.08801
1,0.12258,0.15063,2.2014,2.09037
1,0.116435,0.144248,2.2014,2.09248
1,0.109642,0.137395,2.21011,2.09463
1,0.104433,0.130937,2.21011,2.09654
1,0.100189,0.123955,2.21011,2.09847
1,0.0945561,0.117351,2.21778,2.10018
1,0.0886088,0.110243,2.21778,2.10189
1,0.0827823,0.10362,2.21778,2.10339
1,0.0797034,0.0967586,2.21778,2.10488
1,0.0734193,0.0905754,2.21778,2.1062
1,0.0685832,0.0843862,2.2262,2.1075
1,0.0653893,0.0789376,2.2262,2.10864
1,0.0602006,0.0738839,2.2262,2.10971
1,0.0557843,0.0690679,2.23103,2.11071
1,0.0515311,0.0641018,2.23103,2.1117
1,0.048695,0.0595516,2.23103,2.11256
1,0.0442891,0.0550156,2.23103,2.11335
1,0.0408667,0.0505095,2.2351,2.11407
1,0.0373847,0.0457326,2.2351,2.11476
1,0.0345508,0.041342,2.2351,2.11535
1,0.0305892,0.0368287,2.23821,2.11591
1,0.02762,0.0327888,2.23821,2.11637
1,0.0248654,0.0287278,2.23821,2.11679
1,0.0226374,0.0249676,2.23821,2.11716
1,0.0199172,0.0217355,2.24026,2.11747
1,0.0167204,0.0187408,2.24026,2.11772
1,0.0154478,0.0157983,2.24026,2.11795
1,0.0130248,0.0132307,2.24026,2.11813
1,0.0107611,0.0107957,2.2424,2.11828
1,0.00995215,0.00849273,2.2424,2.11839
1,0.00740919,0.00629193,2.2424,2.11846
1,0.00666991,0.00403814,2.24376,2.11851
1,0.00408382,0.00199802,2.24376,2.11853
1,0.00368407,3.11667e-05,2.24376,2.11851
1,0.00210342,-0.00186271,2.24376,2.11847
1,0.00361898,-0.00380499,2.24376,2.11839
1,0.00162126,-0.00555293,2.24415,2.1183
1,0.000541863,-0.007277,2.24415,2.11817
0,0.000272765,-0.00894802,2.24415,2.11801
0,0.000187329,-0.0104635,2.24443,2.11783
0,0.000106068,-0.0117328,2.24443,2.11764
0,8.46243e-05,-0.0128836,2.24443,2.11743
0,0.000162782,-0.0137997,2.24492,2.11721
0,0.000209864,-0.0146048,2.24492,2.11697
0,4.24666e-05,-0.0151676,2.24492,2.11674
0,0.00015361,-0.0155797,2.24492,2.11649
0,7.69337e-05,-0.0158346,2.24444,2.11623
0,7.4467e-05,-0.015893,2.24444,2.116
0,0.000105331,-0.0157978,2.24444,2.11574
0,2.95409e-05,-0.0155612,2.24444,2.11551
0,4.87599e-05,-0.0152144,2.24395,2.11527
0,4.24748e-05,-0.0148601,2.24395,2.11505
0,3.51139e-05,-0.0145498,2.24395,2.11484
0,3.46781e-05,-0.0142976,2.24294,2.11461
0,3.28696e-05,-0.0141787,2.24294,2.1144
0,3.04225e-05,-0.0141631,2.24294,2.11418
0,2.68136e-05,-0.0142569,2.24294,2.11396
0,0,0,2.2426,2.11395
0,3.06007e-05,-0.00018811,2.2426,2.11395
0,2.94809e-05,-0.000364463,2.2426,2.11394
0,0.000240991,-0.000526459,2.2426,2.11393
0,9.97036e-05,0,2.24268,2.11393
0,3.83208e-05,0,2.24268,2.11393
0,5.62155e-05,0,2.24268,2.11393
0,4.43849e-05,0,2.24261,2.11393
0,4.23739e-05,0,2.24261,2.11393
0,0,-0.000172869,2.24261,2.11392
0,0,-0.000349615,2.24261,2.11392
0,0,-0.00053807,2.24308,2.11391
0,3.4298e-05,-0.00071079,2.24308,2.11389
0,0.00032292,0,2.24308,2.11389
0,0.00011154,0,2.24308,2.11389
0,0,0,2.24322,2.11389
0,6.61633e-05,0,2.24322,2.11389
0,5.18667e-05,0,2.24322,2.11389
0,0.000115548,-0.000161602,2.24322,2.11389
0,0,-0.000323205,2.24298,2.11388
0,0,-0.000499881,2.24298,2.11387
0,0,-0.000672602,2.24298,2.11386
0,2.18773e-05,0,2.24238,2.11386
0,4.062e-05,0,2.24238,2.11386
0,0,0,2.24238,2.11386
0,0,0,2.24238,2.11385
0,0,0,2.24269,2.11385
0,3.14647e-05,-0.000161995,2.24269,2.11385
0,0,-0.000334753,2.24269,2.11384
0,0.000236723,-0.000496679,2.24287,2.11383
0,0,-0.00065857,2.24287,2.11382
0,5.44677e-05,0,2.24287,2.11382
0,3.50298e-05,0,2.24287,2.11382
0,0,0,2.24272,2.11382
0,0,0,2.24272,2.11382
0,0,0,2.24272,2.11382
0,0,0,2.24272,2.11382
0,0,0,2.24377,2.11382
0,0.000121443,0,2.24377,2.11381
0,0,0,2.24377,2.11381
0,2.36051e-05,0,2.24377,2.11381
0,0,0,2.24296,2.11381
0,0,0,2.24296,2.11381
0,0,0,2.24296,2.11381
0,0.000232961,0,2.24219,2.11381
0,4.39213e-05,0,2.24219,2.11381
0,0,0,2.24219,2.11381
0,0.000438442,0,2.24219,2.11381
0,0,0,2.24273,2.11381
0,0.000221251,0,2.24273,2.1138
0,2.26164e-05,0,2.24273,2.1138
0,0,0,2.24273,2.1138
0,0,0,2.24305,2.1138
0,0,0,2.24305,2.1138
0,0,0,2.24305,2.1138
0,0,0,2.24285,2.1138
0,0,0,2.24285,2.1138
0,3.01734e-05,0,2.24285,2.1138
0,0,0,2.24285,2.1138
0,0,0,2.24326,2.1138
0,0.000218913,0,2.24326,2.1138
0,4.01121e-05,0,2.24326,2.1138
0,0.00013653,0,2.24326,2.1138
0,0,0,2.24315,2.11379
0,0,0,2.24315,2.11379
0,2.80573e-05,0,2.24315,2.11379
0,0,0,2.24223,2.11379
0,0,0,2.24223,2.11379
0,0,0,2.24223,2.11379
0,0,0,2.24223,2.11379
0,0,0,2.24293,2.11379
0,3.34052e-05,0,2.24293,2.11379
0,0,0,2.24293,2.11379
0,3.3894e-05,0,2.24338,2.11379
0,0,0,2.24338,2.11379
0,4.07416e-05,0,2.24338,2.11379
0,0.000248236,0,2.24338,2.11379
0,0,0,2.24338,2.11379
0,0,0,2.24332,2.11379
0,0,0,2.24332,2.11379
0,0,0,2.24332,2.11379
0,0,0,2.24379,2.11378
0,0,0,2.24379,2.11378
0,0,0,2.24379,2.11378
0,0,0,2.24379,2.11378
0,0,0,2.24359,2.11378
0,0,0,2.24359,2.11378
0,0.000218049,0,2.24359,2.11378
0,0.000204468,0,2.24359,2.11378
0,0,0,2.24276,2.11378
0,3.46511e-05,0,2.24276,2.11378
0,0,0,2.24276,2.11378
0,3.4469e-05,0,2.24252,2.11378
0,0,0,2.24252,2.11378
0,4.62016e-05,0,2.24252,2.11378
0,2.73238e-05,0,2.24252,2.11378
0,0,0,2.24297,2.11378
0,4.18198e-05,0,2.24297,2.11378
0,0,0,2.24297,2.11378
0,0,0,2.24352,2.11378
0,0,0,2.24352,2.11378
0,0,0,2.24352,2.11378
0,0,0,2.24352,2.11378
0,0,0,2.24352,2.11378
0,3.12949e-05,0,2.24291,2.11378
0,2.4808e-05,0,2.24291,2.11378
0,3.97575e-05,0,2.24291,2.11378
0,0,0,2.24305,2.11378
0,0,0,2.24305,2.11378
0,3.87561e-05,0,2.24305,2.11378
0,3.33705e-05,0,2.24305,2.11378
0,0,0,2.24321,2.11378
0,0,0,2.24321,2.11377
0,0,0,2.24321,2.11377
0,0.00019484,0,2.24321,2.11377
0,0,0,2.24337,2.11377
0,4.0111e-05,0,2.24337,2.11377
0,2.94651e-05,0,2.24337,2.11377
0,0,0,2.24281,2.11377
0,0,0,2.24281,2.11377
0,4.26591e-05,0,2.24281,2.11377
0,0,0,2.24281,2.11377
0,0,0,2.24355,2.11377
0,0,0,2.24355,2.11377
0,0.00011863,0,2.24355,2.11377
0,0,0,2.24438,2.11377
0,0.0002324,0,2.24438,2.11377
0,0,0,2.24438,2.11377
0,0.000221871,0,2.24438,2.11377
0,0.000210439,0,2.24405,2.11377
0,0,0,2.24405,2.11377
0,0,0,2.24405,2.11377
0,0.00022984,0,2.24405,2.11377
0,3.78409e-05,0,2.24365,2.11377
0,0,0,2.24365,2.11377
0,0,0,2.24365,2.11377
0,0,0,2.24405,2.11377
0,2.50311e-05,0,2.24405,2.11377
0,0,0,2.24405,2.11377
0,0.000120611,0,2.24405,2.11377
0,0,0,2.2437,2.11377
0,3.02734e-05,0,2.2437,2.11377
0,0,0,2.2437,2.11377
0,0,0,2.2437,2.11377
0,0,0,2.24315,2.11377
0,2.18787e-05,0,2.24315,2.11377
0,3.68031e-05,0,2.24315,2.11377
0,0,0,2.24359,2.11377
0,0,0,2.24359,2.11377
0,0,0,2.24359,2.11377
0,3.24555e-05,0,2.24359,2.11377
0,0.000217067,0,2.24407,2.11377
0,0,0,2.24407,2.11377
0,0,0,2.24407,2.11377
0,0,0,2.24407,2.11376
0,0,0,2.24357,2.11376
0,2.27027e-05,0,2.24357,2.11376
0,0,0,2.24357,2.11376
0,0,0,2.24306,2.11376
0,0,0,2.24306,2.11376
0,0,0,2.24306,2.11376
0,0.00021193,0,2.24306,2.11376
0,0,0,2.24307,2.11376
0,2.89269e-05,0,2.24307,2.11376
0,4.93155e-05,0,2.24307,2.11376
0,0,0,2.24307,2.11376
0,2.81043e-05,0,2.24325,2.11376
0,2.41137e-05,0,2.24325,2.11376
0,2.32452e-05,0,2.24325,2.11376
0,0,0,2.24327,2.11376
0,0,0,2.24327,2.11376
0,2.38741e-05,0,2.24327,2.11376
0,2.91895e-05,0,2.24327,2.11376
0,0,0,2.24282,2.11376
0,0,0,2.24282,2.11376
0,0,0,2.24282,2.11376
0,0,0,2.24282,2.11376
0,5.31537e-05,0,2.24263,2.11376
0,0,0,2.24263,2.11376
0,0.000225624,0,2.24263,2.11376
0,0,0,2.24289,2.11376
0,0,0,2.24289,2.11376
0,0.000233473,0,2.24289,2.11376
0,5.45774e-05,0,2.24289,2.11376
0,2.82389e-05,0,2.24307,2.11376
0,2.59427e-05,0,2.24307,2.11376
0,0,0,2.24307,2.11376
0,4.20873e-05,0,2.2427,2.11376
0,0,0,2.2427,2.11376
0,4.21561e-05,0,2.2427,2.11376
0,0,0,2.2427,2.11376
0,2.90278e-05,0,2.24324,2.11376
0,0,0,2.24324,2.11376
0,0,0,2.24324,2.11376
0,2.93202e-05,0,2.24324,2.11376
0,0,0,2.24334,2.11376
0,0,0,2.24334,2.11376
0,2.32591e-05,0,2.24334,2.11376
0,2.36592e-05,0,2.24304,2.11376
0,2.43164e-05,0,2.24304,2.11376
0,0,0,2.24304,2.11376
0,0,0,2.24304,2.11376
0,0,0,2.24281,2.11376
0,0,0,2.24281,2.11376
0,0.000228465,0,2.24281,2.11376
0,0.000159942,0,2.24281,2.11376
0,0.00022143,0,2.24335,2.11376
0,3.53759e-05,0,2.24335,2.11376
0,3.69054e-05,0,2.24335,2.11376
0,0,0,2.24335,2.11376
0,0.000207637,0,2.24407,2.11376
0,2.56214e-05,0,2.24407,2.11376
0,0,0,2.24407,2.11376
0,3.53225e-05,0,2.24426,2.11376
0,0.000222373,0,2.24426,2.11376
0,0,0,2.24426,2.11376
0,0,0,2.24426,2.11376
0,0,0,2.24398,2.11376
0,0,0,2.24398,2.11376
0,0,0,2.24398,2.11376
0,0.000119773,0,2.24369,2.11376
0,0.000441844,0,2.24369,2.11376
0,0,0,2.24369,2.11376
0,0.000220578,0,2.24369,2.11376
0,0,0,2.24427,2.11376
0,0,0,2.24427,2.11376
0,0,0,2.24427,2.11376
0,2.75723e-05,0,2.24427,2.11376
0,0,0,2.24375,2.11376
0,0,0,2.24375,2.11376
0,0,0,2.24375,2.11376
0,0,0,2.24375,2.11376
0,0.000228391,0,2.24323,2.11376
0,0,0,2.24323,2.11376
0,0,0,2.24323,2.11376
0,0,0,2.2434,2.11376
0,2.88807e-05,0,2.2434,2.11376
0,0,0,2.2434,2.11376
0,4.83675e-05,0,2.2434,2.11376
0,0,0,2.24332,2.11376
0,0,0,2.24332,2.11376
0,2.45374e-05,0,2.24332,2.11376
0,0,0,2.24332,2.11376
0,0,0,2.24369,2.11376
0,2.74142e-05,0,2.24369,2.11376
0,0,0,2.24369,2.11376
0,3.01012e-05,0,2.24379,2.11376
0,0,0,2.24379,2.11376
0,2.80779e-05,0,2.24379,2.11376
0,0,0,2.24379,2.11376
0,3.25752e-05,0,2.24403,2.11376
0,0,0,2.24403,2.11376
0,0,0,2.24403,2.11376
0,0,0,2.24403,2.11376
0,0,0,2.24343,2.11376
0,0,0,2.24343,2.11376
0,0.000227612,0,2.24343,2.11376
0,0,0,2.24332,2.11376
0,0,0,2.24332,2.11376
0,0.000213444,0,2.24332,2.11376
0,2.64954e-05,0,2.24332,2.11376
0,0.00023222,0,2.24371,2.11376
0,0,0,2.24371,2.11376
0,0,0,2.24371,2.11376
0,5.88387e-05,0,2.24371,2.11376
0,0,0,2.24427,2.11376
0,0.000228377,0,2.24427,2.11376
0,0,0,2.24427,2.11376
0,0,0,2.24428,2.11376
0,0,0,2.24428,2.11376
0,0,0,2.24428,2.11376
0,0,0,2.24428,2.11376
0,0,0,2.24353,2.11376
0,0.00044161,0,2.24353,2.11376
0,2.93841e-05,0,2.24353,2.11376
0,0,0,2.24353,2.11376
0,0,0,2.24299,2.11376
0,0,0,2.24299,2.11376
0,0,0,2.24299,2.11376
0,0,0,2.24406,2.11376
0,0.000211516,0,2.24406,2.11376
0,0,0,2.24406,2.11376
0,0,0,2.24406,2.11376
0,0,0,2.24382,2.11376
0,0,0,2.24382,2.11376
0,0,0,2.24382,2.11376
0,0,0,2.24382,2.11376
0,0.000227695,0,2.24348,2.11376
0,0,0,2.24348,2.11376
0,0,0,2.24348,2.11376
0,0.000227398,0,2.24393,2.11376
0,0,0,2.24393,2.11376
0,0,0,2.24393,2.11376
0,0,0,2.24393,2.11376
0,0.000241033,0,2.24346,2.11376
0,0,0,2.24346,2.11376
0,0,0,2.24346,2.11376
0,0,0,2.24346,2.11376
0,0,0,2.2442,2.11376
0,0,0,2.2442,2.11376
0,0,0,2.2442,2.11376
0,0.000225014,0,2.2442,2.11376
0,0.00045222,0,2.2446,2.11376
0,2.86048e-05,0,2.2446,2.11376
0,0,0,2.2446,2.11376
0,0,0,2.24465,2.11376
0,0,0,2.24465,2.11376
0,0,0,2.24465,2.11376
0,0,0,2.24465,2.11376
0,0,0,2.24443,2.11376
0,3.25371e-05,0,2.24443,2.11376
0,0.000224849,0,2.24443,2.11376
0,0,0,2.24377,2.11376
0,2.41191e-05,0,2.24377,2.11376
0,0,0,2.24377,2.11376
0,0,0,2.24377,2.11376
0,0,0,2.24382,2.11376
0,0,0,2.24382,2.11376
0,0,0,2.24382,2.11376
0,0,0,2.24382,2.11376
0,8.2192e-05,0,2.24473,2.11376
0,0,0,2.24473,2.11376
0,0,0,2.24473,2.11376
0,0.00021482,0,2.24473,2.11376
0,2.21726e-05,0,2.24389,2.11376
0,0,0,2.24389,2.11376
0,0,0,2.24389,2.11376
0,0,0,2.244,2.11376
0,0.000119505,0,2.244,2.11376
0,0,0,2.244,2.11376
0,0,0,2.244,2.11376
0,0,0,2.24413,2.11376
0,0,0,2.24413,2.11376
0,0,0,2.24413,2.11376
0,0,0,2.24413,2.11376
0,0,0,2.24365,2.11376
0,3.83325e-05,0,2.24365,2.11376
0,0.000219118,0,2.24365,2.11376
0,0,0,2.24314,2.11376
0,0,0,2.24314,2.11376
0,0,0,2.24314,2.11376
0,0,0,2.24314,2.11376
0,0,0,2.24446,2.11376
0,0,0,2.24446,2.11376
0,2.31924e-05,0,2.24446,2.11376
0,0,0,2.24446,2.11376
0,0,0,2.24414,2.11376
0,0,0,2.24414,2.11376
0,0,0,2.24414,2.11376
0,0,0,2.24375,2.11376
0,2.13193e-05,0,2.24375,2.11376
0,4.24808e-05,0,2.24375,2.11376
0,0,0,2.24375,2.11376
0,0,0,2.24404,2.11376
0,0,0,2.24404,2.11376
0,2.08028e-05,0,2.24404,2.11376
0,0,0,2.24404,2.11376
0,0,0,2.24372,2.11376
0,0.000430611,0,2.24372,2.11376
0,0,0,2.24372,2.11376
0,3.25824e-05,0,2.24387,2.11376
0,0,0,2.24387,2.11376
0,0.000200645,0,2.24387,2.11376
0,0.000252405,0,2.24387,2.11376
0,0,0,2.24356,2.11376
0,0,0,2.24356,2.11376
0,4.11968e-05,0,2.24356,2.11376
0,0,0,2.24356,2.11376
0,0,0,2.24366,2.11376
0,0.000492615,0,2.24366,2.11376
0,0.000119656,0,2.24366,2.11376
0,0,0,2.24434,2.11376
0,0.000398196,0,2.24434,2.11376
0,0,0,2.24434,2.11376
0,0,0,2.24434,2.11376
0,2.6302e-05,0,2.24495,2.11376
0,0,0,2.24495,2.11376
0,0,0,2.24495,2.11376
0,0,0,2.24495,2.11376
0,0,0,2.24451,2.11376
0,0,0,2.24451,2.11376
0,0,0,2.24451,2.11376
0,0,0,2.2437,2.11376
0,0.000457014,0,2.2437,2.11376
0,0,0,2.2437,2.11376
0,0.000218589,0,2.2437,2.11376
0,6.06104e-05,0,2.24317,2.11376
0,0.000448726,0,2.24317,2.11376
0,3.91873e-05,0,2.24317,2.11376
0,0,0,2.24317,2.11376
0,3.13249e-05,0,2.24385,2.11376
0,0,0,2.24385,2.11376
0,0,0,2.24385,2.11376
0,0,0,2.24385,2.11376
0,0,0,2.24397,2.11376
0,0.000222212,0,2.24397,2.11376
0,0,0,2.24397,2.11376
0,0,0,2.2443,2.11376
0,0,0,2.2443,2.11376
0,0,0,2.2443,2.11376
0,2.23058e-05,0,2.2443,2.11376
0,3.50199e-05,0,2.24434,2.11376
0,0,0,2.24434,2.11376
0,0,0,2.24434,2.11376
0,0,0,2.24418,2.11376
0,0,0,2.24418,2.11376
0,3.67729e-05,0,2.24418,2.11376
0,2.79279e-05,0,2.24418,2.11376
0,0.000237367,0,2.24402,2.11376
0,3.45363e-05,0,2.24402,2.11376
0,0,0,2.24402,2.11376
0,0,0,2.24402,2.11376
0,3.66483e-05,0,2.24312,2.11376
0,0,0,2.24312,2.11376
0,0,0,2.24312,2.11376
0,2.46783e-05,0,2.24281,2.11376
0,2.3662e-05,0,2.24281,2.11376
0,0,0,2.24281,2.11376
0,0,0,2.24281,2.11376
0,0,0,2.24284,2.11376
0,0,0,2.24284,2.11376
0,0,0,2.24284,2.11376
0,0,0,2.24293,2.11376
0,0,0,2.24293,2.11376
0,0,0,2.24293,2.11376
0,0,0,2.24293,2.11376
0,0,0,2.24351,2.11376
0,0.00022567,0,2.24351,2.11376
0,0,0,2.24351,2.11376
0,0,0,2.24351,2.11376
0,0,0,2.24363,2.11376
0,0,0,2.24363,2.11376
0,3.77834e-05,0,2.24363,2.11376
0,0,0,2.24363,2.11376
0,0,0,2.24437,2.11376
0,0,0,2.24437,2.11376
0,0,0,2.24437,2.11376
0,0,0,2.24363,2.11376
0,0,0,2.24363,2.11376
0,0.000220725,0,2.24363,2.11376
0,0,0,2.24363,2.11376
0,0,0,2.24363,2.11376
0,0,0,2.24291,2.11376
0,0,0,2.24291,2.11376
0,0,0,2.24291,2.11376
0,0,0,2.24291,2.11376
0,0,0,2.24317,2.11376
0,0,0,2.24317,2.11376
0,0,0,2.24317,2.11376
0,0,0,2.24318,2.11376
0,2.66476e-05,0,2.24318,2.11376
0,0,0,2.24318,2.11376
0,3.16783e-05,0,2.24318,2.11376
0,0,0,2.24292,2.11376
0,0,0,2.24292,2.11376
0,0.000236854,0,2.24292,2.11376
0,4.04342e-05,0,2.24288,2.11376
0,0,0,2.24288,2.11376
0,0,0,2.24288,2.11376
0,2.27844e-05,0,2.24288,2.11376
0,0,0,2.2437,2.11376
0,0,0,2.2437,2.11376
0,0,0,2.2437,2.11376
0,0,0,2.2437,2.11376
0,0,0,2.24351,2.11376
0,0,0,2.24351,2.11376
0,0,0,2.24351,2.11376
0,0,0,2.24324,2.11376
0,0,0,2.24324,2.11376
0,0,0,2.24324,2.11376
0,2.17018e-05,0,2.24324,2.11376
0,2.11111e-05,0,2.24406,2.11376
0,0,0,2.24406,2.11376
0,2.95085e-05,0,2.24406,2.11376
0,0,0,2.24406,2.11376
0,2.9123e-05,0,2.24371,2.11376
0,3.27312e-05,0,2.24371,2.11376
0,0.000224776,0,2.24371,2.11376
0,0,0,2.24291,2.11376
0,0,0,2.24291,2.11376
0,0,0,2.24291,2.11376
0,0.000224719,0,2.24291,2.11376
0,0,0,2.2427,2.11376
0,0,0,2.2427,2.11376
0,0,0,2.2427,2.11376
0,0,0,2.24277,2.11376
0,2.67028e-05,0,2.24277,2.11376
0,0,0,2.24277,2.11376
0,0,0,2.24277,2.11376
0,4.04414e-05,0,2.24295,2.11376
0,0,0,2.24295,2.11376
0,0,0,2.24295,2.11376
0,3.07225e-05,0,2.24295,2.11376
0,0,0,2.24259,2.11376
0,0.000235966,0,2.24259,2.11376
0,0,0,2.24259,2.11376
0,7.69053e-05,0,2.24335,2.11376
0,0,0,2.24335,2.11376
0,0,0,2.24335,2.11376
0,0,0,2.24335,2.11376
0,0,0,2.24348,2.11376
0,0,0,2.24348,2.11376
0,0,0,2.24348,2.11376
0,0,0,2.24348,2.11376
0,0.000211917,0,2.24326,2.11376
0,0,0,2.24326,2.11376
0,2.03015e-05,0,2.24326,2.11376
0,0,0,2.24326,2.11376
0,0,0,2.24366,2.11376
0,4.56781e-05,0,2.24366,2.11376
0,0,0,2.24366,2.11376
0,0,0,2.24261,2.11376
0,0,0,2.24261,2.11376
0,0,0,2.24261,2.11376
0,0.000225777,0,2.24261,2.11376
0,0,0,2.24286,2.11376
0,0,0,2.24286,2.11376
0,3.75279e-05,0,2.24286,2.11376
0,4.00898e-05,0,2.24294,2.11376
0,0,0,2.24294,2.11376
0,0,0,2.24294,2.11376
0,0.000225578,0,2.24294,2.11376
0,0,0,2.24375,2.11376
0,0,0,2.24375,2.11376
0,3.18721e-05,0,2.24375,2.11376
0,0,0,2.24375,2.11376
0,3.05655e-05,0,2.24355,2.11376
0,0,0,2.24355,2.11376
0,0,0,2.24355,2.11376
0,0,0,2.24355,2.11376
0,0,0,2.24383,2.11376
0,0,0,2.24383,2.11376
0,2.63393e-05,0,2.24383,2.11376
0,0,0,2.24382,2.11376
0,0,0,2.24382,2.11376
0,2.71179e-05,0,2.24382,2.11376
0,0.000235752,0,2.24382,2.11376
0,0,0,2.24354,2.11376
0,0,0,2.24354,2.11376
0,0,0,2.24354,2.11376
0,0,0,2.24354,2.11376
0,0,0,2.24284,2.11376
0,3.36822e-05,0,2.24284,2.11376
0,0,0,2.24284,2.11376
0,0,0,2.24366,2.11376
0,0,0,2.24366,2.11376
0,0,0,2.24366,2.11376
0,6.11663e-05,0,2.24366,2.11376
0,0,0,2.24381,2.11376
0,0,0,2.24381,2.11376
0,4.08213e-05,0,2.24381,2.11376
0,0,0,2.24362,2.11376
0,0,0,2.24362,2.11376
0,4.68214e-05,0,2.24362,2.11376
0,2.65509e-05,0,2.24362,2.11376
0,0,0,2.24362,2.11376
0,0,0,2.24355,2.11376
0,3.0137e-05,0,2.24355,2.11376
0,0,0,2.24355,2.11376
0,0.000201917,0,2.24386,2.11376
0,3.14146e-05,0,2.24386,2.11376
0,2.3198e-05,0,2.24386,2.11376
0,0,0,2.24386,2.11376
0,0,0,2.24385,2.11376
0,2.03801e-05,0,2.24385,2.11376
0,0,0,2.24385,2.11376
0,0,0,2.24334,2.11376
0,3.19676e-05,0,2.24334,2.11376
0,4.4946e-05,0,2.24334,2.11376
0,0,0,2.24334,2.11376
0,0,0,2.24394,2.11376
0,0,0,2.24394,2.11376
0,0,0,2.24394,2.11376
0,0,0,2.24394,2.11376
0,0,0,2.2441,2.11376
0,0.000256695,0,2.2441,2.11376
0,0,0,2.2441,2.11376
0,0,0,2.24413,2.11376
0,0,0,2.24413,2.11376
0,0,0,2.24413,2.11376
0,0,0,2.24413,2.11376
0,2.4021e-05,0,2.24342,2.11376
0,0,0,2.24342,2.11376
0,0,0,2.24342,2.11376
0,0.000218811,0,2.24342,2.11376
0,0,0,2.24366,2.11376
0,0,0,2.24366,2.11376
0,0.000217554,0,2.24366,2.11376
0,0,0,2.24403,2.11376
0,0,0,2.24403,2.11376
0,0,0,2.24403,2.11376
0,0,0,2.24403,2.11376
0,0,0,2.24376,2.11376
0,0.000240992,0,2.24376,2.11376
0,2.24264e-05,0,2.24376,2.11376
0,0,0,2.24365,2.11376
0,0,0,2.24365,2.11376
0,2.33196e-05,0,2.24365,2.11376
0,0,0,2.24365,2.11376
0,0,0,2.24385,2.11376
0,3.35411e-05,0,2.24385,2.11376
0,0,0,2.24385,2.11376
0,0,0,2.24385,2.11376
0,0,0,2.24371,2.11376
0,0,0,2.24371,2.11376
0,0.000208309,0,2.24371,2.11376
0,2.91589e-05,0,2.24371,2.11376
0,3.14689e-05,0,2.24359,2.11376
0,0,0,2.24359,2.11376
0,0.000199193,0,2.24359,2.11376
0,0,0,2.24455,2.11376
0,0,0,2.24455,2.11376
0,0,0,2.24455,2.11376
0,0,0,2.24455,2.11376
0,4.20997e-05,0,2.24389,2.11376
0,0,0,2.24389,2.11376
0,3.17184e-05,0,2.24389,2.11376
0,0,0,2.24289,2.11376
0,0,0,2.24289,2.11376
0,0.00021224,0,2.24289,2.11376
0,0,0,2.24289,2.11376
0,3.1619e-05,0,2.24289,2.11376
0,0,0,2.24384,2.11376
0,2.22885e-05,0,2.24384,2.11376
0,0,0,2.24384,2.11376
0,0,0,2.24443,2.11376
0,0,0,2.24443,2.11376
0,0,0,2.24443,2.11376
0,0,0,2.24443,2.11376
0,0,0,2.24416,2.11376
0,0,0,2.24416,2.11376
0,4.36167e-05,0,2.24416,2.11376
0,3.77533e-05,0,2.24396,2.11376
0,0,0,2.24396,2.11376
0,0,0,2.24396,2.11376
0,0,0,2.24396,2.11376
0,2.49032e-05,0,2.24353,2.11376
0,0,0,2.24353,2.11376
0,0,0,2.24353,2.11376
0,0,0,2.24353,2.11376
0,4.19684e-05,0,2.24398,2.11376
0,0.000212016,0,2.24398,2.11376
0,0,0,2.24398,2.11376
0,3.09503e-05,0,2.24378,2.11376
0,0,0,2.24378,2.11376
0,2.70487e-05,0,2.24378,2.11376
0,2.95347e-05,0,2.24378,2.11376
0,0,0,2.24382,2.11376
0,0,0,2.24382,2.11376
0,0,0,2.24382,2.11376
0,0,0,2.24382,2.11376
0,0,0,2.24395,2.11376
0,0,0,2.24395,2.11376
0,0,0,2.24395,2.11376
0,0,0,2.24373,2.11376
0,0,0,2.24373,2.11376
0,0,0,2.24373,2.11376
0,2.67414e-05,0,2.24373,2.11376
0,3.65857e-05,0,2.24373,2.11376
0,0,0,2.24373,2.11376
0,0,0,2.24373,2.11376
0,0.000213987,0,2.24373,2.11376
0,0,0,2.24396,2.11376
0,0,0,2.24396,2.11376
0,0,0,2.24396,2.11376
0,0,0,2.24347,2.11376
0,0,0,2.24347,2.11376
0,0.000218125,0,2.24347,2.11376
0,2.9013e-05,0,2.24347,2.11376
0,0,0,2.24347,2.11376
0,0,0,2.24357,2.11376
0,0,0,2.24357,2.11376
0,0,0,2.24357,2.11376
0,0,0,2.24385,2.11376
0,2.11725e-05,0,2.24385,2.11376
0,0,0,2.24385,2.11376
0,0.000211016,0,2.24417,2.11376
0,0,0,2.24417,2.11376
0,0,0,2.24417,2.11376
0,0.000219572,0,2.24417,2.11376
0,0,0,2.24324,2.11376
0,3.31398e-05,0,2.24324,2.11376
0,0,0,2.24324,2.11376
0,0,0,2.24324,2.11376
0,0,0,2.24358,2.11376
0,2.3841e-05,0,2.24358,2.11376
0,3.15218e-05,0,2.24358,2.11376
0,0,0,2.24473,2.11376
0,0,0,2.24473,2.11376
0,0,0,2.24473,2.11376
0,0,0,2.24473,2.11376
0,0,0,2.24437,2.11376
0,0,0,2.24437,2.11376
0,0,0,2.24437,2.11376
0,0,0,2.24437,2.11376
0,2.11237e-05,0,2.24412,2.11376
0,0.000232994,0,2.24412,2.11376
0,0,0,2.24412,2.11376
0,2.40943e-05,0,2.24483,2.11376
0,0,0,2.24483,2.11376
0,0,0,2.24483,2.11376
0,0.000235635,0,2.24483,2.11376
0,3.16759e-05,0,2.2443,2.11376
0,2.32548e-05,0,2.2443,2.11376
0,0,0,2.2443,2.11376
0,0,0,2.2443,2.11376
0,0,0,2.244,2.11376
0,0,0,2.244,2.11376
0,0,0,2.244,2.11376
0,0,0,2.24428,2.11376
0,0,0,2.24428,2.11376
0,4.71417e-05,0,2.24428,2.11376
0,0,0,2.24428,2.11376
0,0,0,2.24429,2.11376
0,3.26855e-05,0,2.24429,2.11376
0,2.09908e-05,0,2.24429,2.11376
0,0.000244313,0,2.24429,2.11376
0,0,0,2.24419,2.11376
0,0,0,2.24419,2.11376
0,3.56802e-05,0,2.24419,2.11376
0,0,0,2.24436,2.11376
0,0,0,2.24436,2.11376
0,0,0,2.24436,2.11376
0,0,0,2.24436,2.11376
0,0,0,2.24453,2.11376
0,0,0,2.24453,2.11376
0,0,0,2.24453,2.11376
0,0,0,2.24453,2.11376
0,0,0,2.24439,2.11376
0,0,0,2.24439,2.11376
0,0.000207206,0,2.24439,2.11376
0,3.97692e-05,0,2.24439,2.11376
0,0,0,2.24379,2.11376
0,0,0,2.24379,2.11376
0,0,0,2.24379,2.11376
0,2.13612e-05,0,2.24473,2.11376
0,0,0,2.24473,2.11376
0,4.8168e-05,0,2.24473,2.11376
0,0,0,2.24473,2.11376
0,0,0,2.24428,2.11376
0,0,0,2.24428,2.11376
0,3.89788e-05,0,2.24428,2.11376
0,3.50032e-05,0,2.24428,2.11376
0,0,0,2.24396,2.11376
0,0.000203824,0,2.24396,2.11376
0,0,0,2.24396,2.11376
0,0.000220804,0,2.24451,2.11376
0,0,0,2.24451,2.11376
0,2.28052e-05,0,2.24451,2.11376
0,2.66723e-05,0,2.24451,2.11376
0,4.56839e-05,0,2.24478,2.11376
0,2.57312e-05,0,2.24478,2.11376
0,0,0,2.24478,2.11376
0,5.5625e-05,0,2.24464,2.11376
0,0,0,2.24464,2.11376
0,2.56396e-05,0,2.24464,2.11376
0,0,0,2.24464,2.11376
0,0,0,2.24464,2.11376
0,0,0,2.24394,2.11376
0,0.000226552,0,2.24394,2.11376
0,5.76869e-05,0,2.24394,2.11376
0,0.000190728,0,2.24454,2.11376
0,3.17782e-05,0,2.24454,2.11376
0,0,0,2.24454,2.11376
0,0,0,2.24454,2.11376
0,3.32474e-05,0,2.2446,2.11376
0,0.000237952,0,2.2446,2.11376
0,0,0,2.2446,2.11376
0,0,0,2.24396,2.11376
0,2.75237e-05,0,2.24396,2.11376
0,0,0,2.24396,2.11376
0,0,0,2.24396,2.11376
0,0,0,2.24396,2.11376
0,0,0,2.2443,2.11376
0,0,0,2.2443,2.11376
0,0,0,2.2443,2.11376
0,0,0,2.24377,2.11376
0,4.84156e-05,0,2.24377,2.11377
0,0,0,2.24377,2.11377
0,0,0,2.24338,2.11377
0,0.000214174,0,2.24338,2.11377
0,0.000194249,0,2.24338,2.11377
0,2.34144e-05,0,2.24338,2.11377
0,0,0,2.24338,2.11377
0,0,0,2.24344,2.11377
0,0,0,2.24344,2.11377
0,0,0,2.24344,2.11377
0,0,0,2.24417,2.11377
0,0,0,2.24417,2.11377
0,2.00947e-05,0,2.24417,2.11377
0,3.19093e-05,0,2.24417,2.11377
0,0,0,2.24346,2.11377
0,2.43104e-05,0,2.24346,2.11377
0,0.000205061,0,2.24346,2.11377
0,0,0,2.24346,2.11377
0,0,0,2.24337,2.11377
0,0,0,2.24337,2.11377
0,0,0,2.24337,2.11377
0,0.000197827,0,2.24396,2.11377
0,4.53778e-05,0,2.24396,2.11377
0,0,0,2.24396,2.11377
0,0,0,2.24396,2.11377
0,0,0,2.24365,2.11377
0,0,0,2.24365,2.11377
0,2.22995e-05,0,2.24365,2.11377
0,0,0,2.24365,2.11377
0,0,0,2.24327,2.11377
0,0,0,2.24327,2.11377
0,0,0,2.24327,2.11377
0,0,0,2.24359,2.11377
0,0,0,2.24359,2.11377
0,4.37888e-05,0,2.24359,2.11377
0,0.000232243,0,2.24359,2.11377
0,0,0,2.24327,2.11377
0,0,0,2.24327,2.11377
0,3.26584e-05,0,2.24327,2.11377
0,2.04746e-05,0,2.24411,2.11377
0,0,0,2.24411,2.11377
0,0.000232345,0,2.24411,2.11377
0,0,0,2.24411,2.11377
0,0,0,2.2441,2.11377
0,0,0,2.2441,2.11377
0,0,0,2.2441,2.11377
0,2.84783e-05,0,2.2441,2.11377
0,0.000185131,0,2.24416,2.11377
0,0,0,2.24416,2.11377
0,0,0,2.24416,2.11377
0,0,0,2.24429,2.11377
0,0,0,2.24429,2.11377
0,0,0,2.24429,2.11377
0,0,0,2.24429,2.11377
0,0.000224807,0,2.24438,2.11377
0,0,0,2.24438,2.11377
0,0,0,2.24438,2.11377
0,0,0,2.2435,2.11377
0,0,0,2.2435,2.11377
0,0,0,2.2435,2.11377
0,3.5283e-05,0,2.2435,2.11377
0,0,0,2.2435,2.11377
0,0,0,2.24442,2.11377
0,0,0,2.24442,2.11377
0,0,0,2.24442,2.11377
0,0,0,2.24462,2.11377
0,0.000242723,0,2.24462,2.11377
0,0,0,2.24462,2.11377
0,0,0,2.24412,2.11377
0,0,0,2.24412,2.11377
0,0,0,2.24412,2.11377
0,0,0,2.24412,2.11377
0,2.17167e-05,0,2.24428,2.11377
0,0,0,2.24428,2.11377
0,0,0,2.24428,2.11377
0,0,0,2.24428,2.11377
0,0,0,2.24468,2.11377
0,0,0,2.24468,2.11377
0,0,0,2.24468,2.11377
0,0,0,2.24501,2.11377
0,0,0,2.24501,2.11377
0,0,0,2.24501,2.11377
0,0.000228633,0,2.24501,2.11377
0,0,0,2.24469,2.11377
0,0,0,2.24469,2.11377
0,0,0,2.24469,2.11377
0,0,0,2.24469,2.11377
0,2.03115e-05,0,2.24468,2.11377
0,0,0,2.24468,2.11377
0,0,0,2.24468,2.11377
0,0,0,2.24468,2.11377
0,0,0,2.24421,2.11377
0,0,0,2.24421,2.11377
0,3.02622e-05,0,2.24421,2.11377
0,0,0,2.24455,2.11377
0,0,0,2.24455,2.11377
0,2.93832e-05,0,2.24455,2.11377
0,0,0,2.24455,2.11377
0,0,0,2.2448,2.11377
0,0.000199581,0,2.2448,2.11377
0,0,0,2.2448,2.11377
0,0.000233074,0,2.24402,2.11377
0,0,0,2.24402,2.11377
0,3.49695e-05,0,2.24402,2.11377
0,0.00021955,0,2.24402,2.11377
0,0,0,2.24384,2.11377
0,2.08884e-05,0,2.24384,2.11377
0,0,0,2.24384,2.11377
0,0.000212067,0,2.24384,2.11377
0,0,0,2.2437,2.11377
0,0,0,2.2437,2.11377
0,0,0,2.2437,2.11377
0,0,0,2.24416,2.11377
0,2.83204e-05,0,2.24416,2.11377
0,0,0,2.24416,2.11377
0,0,0,2.24416,2.11377
0,0,0,2.24429,2.11377
0,3.11338e-05,0,2.24429,2.11377
0,0.000167031,0,2.24429,2.11377
0,0,0,2.24429,2.11377
0,0,0,2.24371,2.11377
0,0.000250352,0,2.24371,2.11377
0,0.000203931,0,2.24371,2.11377
0,0,0,2.24438,2.11377
0,0.000217679,0,2.24438,2.11377
0,0,0,2.24438,2.11377
0,0,0,2.24438,2.11377
0,2.94869e-05,0,2.24438,2.11377
0,0,0,2.24438,2.11377
0,2.74283e-05,0,2.24438,2.11377
0,0,0,2.24438,2.11377
0,2.53759e-05,0,2.24475,2.11377
0,0,0,2.24475,2.11377
0,2.59374e-05,0,2.24475,2.11377
0,0,0,2.24475,2.11377
0,0,0,2.24453,2.11377
0,0,0,2.24453,2.11377
0,2.26969e-05,0,2.24453,2.11377
0,0,0,2.24383,2.11377
0,0,0,2.24383,2.11377
0,0,0,2.24383,2.11377
0,2.66152e-05,0,2.24383,2.11377
0,3.01868e-05,0,2.24405,2.11377
0,0,0,2.24405,2.11377
0,0,0,2.24405,2.11377
0,0,0,2.24383,2.11377
0,0,0,2.24383,2.11377
0,0,0,2.24383,2.11377
0,3.34008e-05,0,2.24383,2.11377
0,0,0,2.24389,2.11377
0,0,0,2.24389,2.11377
0,2.31659e-05,0,2.24389,2.11377
0,2.97382e-05,0,2.24389,2.11377
0,0,0,2.24439,2.11377
0,0,0,2.24439,2.11377
0,0.000230367,0,2.24439,2.11377
0,0.000244786,0,2.24439,2.11377
0,0,0,2.24369,2.11377
0,0,0,2.24369,2.11377
0,0,0,2.24369,2.11377
0,0,0,2.24369,2.11377
0,0.000184613,0,2.24369,2.11377
0,0,0,2.24369,2.11377
0,0,0,2.24369,2.11377
0,0,0,2.24369,2.11377
0,0,0,2.24369,2.11377
0,0,0,2.24369,2.11377
0,2.4058e-05,0,2.24369,2.11377
0,0,0,2.24369,2.11377
0,0,0,2.24369,2.11377
0,0,0,2.24369,2.11377
0,0,0,2.24369,2.11377
0,0,0,2.24369,2.11377
0,0,0,2.24369,2.11377
0,0,0,2.24369,2.11377
0,0,0,2.24369,2.11377
0,0,0,2.24369,2.11377
0,2.52642e-05,0,2.24369,2.11377
0,2.97877e-05,0,2.24369,2.11377
0,0,0,2.24369,2.11377
0,0,0,2.24369,2.11377
0,3.90031e-05,0,2.24369,2.11377
0,0,0,2.24369,2.11377
0,0,0,2.24369,2.11377
0,0,0,2.24369,2.11377
0,0,0,2.24369,2.11377
0,0,0,2.24369,2.11377
0,0.00043574,0,2.24369,2.11377
0,0,0,2.24369,2.11377
0,2.83589e-05,0,2.24369,2.11377
0,0,0,2.24369,2.11377
0,0.000217863,0,2.24369,2.11377
0,0,0,2.24369,2.11377
0,0,0,2.24369,2.11377
0,0.000212484,0,2.24369,2.11377
0,2.07334e-05,0,2.24369,2.11377
0,0,0,2.24369,2.11377
0,0,0,2.24369,2.11377
0,3.74588e-05,0,2.24369,2.11377
0,0.0002101,0,2.24369,2.11377
0,0,0,2.24369,2.11377
0,0.000217458,0,2.24369,2.11377
0,0.000193164,0,2.24369,2.11377
0,0.000174355,0,2.24369,2.11377
0,0,0,2.24369,2.11377
0,0,0,2.24369,2.11377
0,0.000430906,0,2.24369,2.11377
0,0,0,2.24369,2.11377
0,4.42748e-05,0,2.24369,2.11377
0,0,0,2.24369,2.11377
0,2.611e-05,0,2.24369,2.11377
0,0,0,2.24369,2.11377
0,0,0,2.24369,2.11377
0,0,0,2.24369,2.11377
0,0,0,2.24369,2.11377
0,0,0,2.24369,2.11377
0,0,0,2.24369,2.11377
0,0,0,2.24369,2.11377
0,0.000231872,0,2.24369,2.11377
0,0,0,2.24369,2.11377
0,0,0,2.24369,2.11377
0,3.50933e-05,0,2.24369,2.11377
0,0,0,2.24369,2.11377
0,0,0,2.24369,2.11377
0,0,0,2.24369,2.11377
0,0,0,2.24369,2.11377
0,0,0,2.24369,2.11377
0,0,0,2.24369,2.11377
0,0,0,2.24369,2.11377
0,0,0,2.24369,2.11377
0,0,0,2.24369,2.11377
0,0,0,2.24369,2.11377
0,3.33162e-05,0,2.24369,2.11377
0,0,0,2.24369,2.11377
0,0,0,2.24369,2.11377
0,0,0,2.24369,2.11377
0,0,0,2.24369,2.11377
0,0,0,2.24369,2.11377
0,0,0,2.24369,2.11377
0,0.000271338,0,2.24369,2.11377
0,0,0,2.24369,2.11377
0,0,0,2.24369,2.11377
0,0,0,2.24369,2.11377
0,0,0,2.24369,2.11377
0,2.30038e-05,0,2.24369,2.11377
0,0,0,2.24369,2.11377
0,0,0,2.24369,2.11377
0,0,0,2.24369,2.11377
0,0,0,2.24369,2.11377
0,0,0,2.24369,2.11377
0,3.08003e-05,0,2.24369,2.11377
0,0,0,2.24369,2.11377
0,0.000121956,0,2.24369,2.11377
0,3.04218e-05,0,2.24369,2.11377
0,4.56665e-05,0,2.24369,2.11377
0,2.03097e-05,0,2.24369,2.11377
0,0,0,2.24369,2.11377
0,0.000234262,0,2.24369,2.11377
0,0,0,2.24369,2.11377
0,4.55196e-05,0,2.24369,2.11377
0,2.28998e-05,0,2.24369,2.11377
0,0,0,2.24369,2.11377
0,0,0,2.24369,2.11377
0,0.000225397,0,2.24369,2.11377
0,0,0,2.24369,2.11377
0,0,0,2.24369,2.11377
0,0.000239589,0,2.24369,2.11377
0,0,0,2.24369,2.11377
0,0,0,2.24369,2.11377
0,0,0,2.24369,2.11377
0,0,0,2.24369,2.11377
0,0,0,2.24369,2.11377
0,0,0,2.24369,2.11377
0,0,0,2.24369,2.11377
0,0,0,2.24369,2.11377
0,0,0,2.24369,2.11377
0,0,0,2.24369,2.11377
0,0.000230159,0,2.24369,2.11377
0,3.14982e-05,0,2.24369,2.11377
0,0,0,2.24369,2.11377
0,0,0,2.24369,2.11377
0,2.80099e-05,0,2.24369,2.11377
0,0,0,2.24369,2.11377
0,0,0,2.24369,2.11377
0,0.00021956,0,2.24369,2.11377
0,0,0,2.24369,2.11377
0,0,0,2.24369,2.11377
0,0,0,2.24369,2.11377
0,2.81148e-05,0,2.24369,2.11377
0,2.09924e-05,0,2.24369,2.11377
0,0,0,2.24369,2.11377
0,0,0,2.24369,2.11377
0,2.22703e-05,0,2.24369,2.11377
0,0,0,2.24369,2.11377
0,0,0,2.24369,2.11377
0,0,0,2.24369,2.11377
0,4.40177e-05,0,2.24369,2.11377
0,0,0,2.24369,2.11377
0,0,0,2.24369,2.11377
0,0,0,2.24369,2.11377
0,0,0,2.24369,2.11377
0,0,0,2.24369,2.11377
0,0,0,2.24369,2.11377
0,0,0,2.24369,2.11377
0,0,0,2.24369,2.11377
0,0,0,2.24369,2.11377
0,0,0,2.24369,2.11377
0,0,0,2.24369,2.11377
0,0,0,2.24369,2.11377
0,0,0,2.24369,2.11377
0,0,0,2.24369,2.11377
0,0.000235428,0,2.24369,2.11377
0,0,0,2.24369,2.11377
0,4.15653e-05,0,2.24369,2.11377
0,0,0,2.24369,2.11377
0,0,0,2.24369,2.11377
0,0,0,2.24369,2.11377
0,0,0,2.24369,2.11377
0,2.0681e-05,0,2.24369,2.11377
0,0,0,2.24369,2.11377
0,0,0,2.24369,2.11377
0,0,0,2.24369,2.11377
0,0,0,2.24369,2.11377
0,0,0,2.24369,2.11377
0,0,0,2.24369,2.11377
0,0,0,2.24369,2.11377
0,0,0,2.24369,2.11377
0,0,0,2.24369,2.11377
0,0,0,2.24369,2.11377
0,0,0,2.24369,2.11377
0,2.07126e-05,0,2.24369,2.11377
0,0,0,2.24369,2.11377
0,0.000228125,0,2.24369,2.11377
0,0,0,2.24369,2.11377
0,0,0,2.24369,2.11377
0,0,0,2.24369,2.11377
0,2.79664e-05,0,2.24369,2.11377
0,0,0,2.24369,2.11377
0,0,0,2.24369,2.11377
0,0.000202206,0,2.24369,2.11377
0,0,0,2.24369,2.11377
0,4.34383e-05,0,2.24369,2.11377
0,2.29751e-05,0,2.24369,2.11377
0,0,0,2.24369,2.11377
0,0.00039705,0,2.24369,2.11377
0,2.10368e-05,0,2.24369,2.11377
0,0,0,2.24369,2.11377
0,0,0,2.24369,2.11377
0,0,0,2.24369,2.11377
0,0,0,2.24369,2.11377
0,0,0,2.24369,2.11377
0,0,0,2.24369,2.11377
0,0,0,2.24369,2.11377
0,0,0,2.24369,2.11377
0,0.000225734,0,2.24369,2.11377
0,0,0,2.24369,2.11377
0,0,0,2.24369,2.11377
0,0,0,2.24369,2.11377
0,0.000222906,0,2.24369,2.11377
0,3.49964e-05,0,2.24369,2.11377
0,2.74133e-05,0,2.24369,2.11377
0,4.06105e-05,0,2.24369,2.11377
0,0,0,2.24369,2.11377
0,3.53946e-05,0,2.24369,2.11377
0,0,0,2.24369,2.11377
0,0,0,2.24369,2.11377
0,0,0,2.24369,2.11377
0,0,0,2.24369,2.11377
0,0,0,2.24369,2.11377
0,0,0,2.24369,2.11377
0,0,0,2.24369,2.11377
0,0,0,2.24369,2.11377
0,0,0,2.24369,2.11377
0,0,0,2.24369,2.11377
0,0,0,2.24369,2.11377
0,0,0,2.24369,2.11377
0,0.000234218,0,2.24369,2.11377
0,0,0,2.24369,2.11377
0,0,0,2.24369,2.11377
0,0.000212367,0,2.24369,2.11377
0,0,0,2.24369,2.11377
0,0,0,2.24369,2.11377
0,2.2277e-05,0,2.24369,2.11377
0,0,0,2.24369,2.11377
0,2.81482e-05,0,2.24369,2.11377
0,0,0,2.24369,2.11377
0,0,0,2.24369,2.11377
0,0,0,2.24369,2.11377
0,0,0,2.24369,2.11377
0,0,0,2.24369,2.11377
0,0,0,2.24369,2.11377
0,0,0,2.24369,2.11377
0,0,0,2.24369,2.11377
0,0,0,2.24369,2.11377
0,3.14866e-05,0,2.24369,2.11377
0,0,0,2.24369,2.11377
0,0,0,2.24369,2.11377
0,0,0,2.24369,2.11377
0,2.86893e-05,0,2.24369,2.11377
0,0,0,2.24369,2.11377
0,0.000201035,0,2.24369,2.11377
0,0,0,2.24369,2.11377
0,0,0,2.24369,2.11377
0,0,0,2.24369,2.11377
0,0,0,2.24369,2.11377
0,3.52752e-05,0,2.24369,2.11377
0,0,0,2.24369,2.11377
0,0,0,2.24369,2.11377
0,0,0,2.24369,2.11377
0,0,0,2.24369,2.11377
0,2.50587e-05,0,2.24369,2.11377
0,0,0,2.24369,2.11377
0,0,0,2.24369,2.11377
0,2.35924e-05,0,2.24369,2.11377
0,4.30583e-05,0,2.24369,2.11377
0,0,0,2.24369,2.11377
0,0,0,2.24369,2.11377
0,0,0,2.24369,2.11377
0,0,0,2.24369,2.11377
0,0,0,2.24369,2.11377
0,0,0,2.24369,2.11377
0,0,0,2.24369,2.11377
0,0,0,2.24369,2.11377
0,0,0,2.24369,2.11377
0,0,0,2.24369,2.11377
0,0.000218034,0,2.24369,2.11377
0,0,0,2.24369,2.11377
0,2.27785e-05,0,2.24369,2.11377
0,0.00022991,0,2.24369,2.11377
0,0,0,2.24369,2.11377
0,4.12325e-05,0,2.24369,2.11377
0,0,0,2.24369,2.11377
0,0,0,2.24369,2.11377
0,0,0,2.24369,2.11377
0,0,0,2.24369,2.11377
0,0,0,2.24369,2.11377
0,0.000252772,0,2.24369,2.11377
0,3.71145e-05,0,2.24369,2.11377
0,0,0,2.24369,2.11377
0,0.000230321,0,2.24369,2.11377
0,4.45494e-05,0,2.24369,2.11377
0,4.09572e-05,0,2.24369,2.11377
0,3.93196e-05,0,2.24369,2.11377
0,0,0,2.24369,2.11377
0,0,0,2.24369,2.11377
0,4.02564e-05,0,2.24369,2.11377
0,0,0,2.24369,2.11377
0,0,0,2.24369,2.11377
0,0,0,2.24369,2.11377
0,0,0,2.24369,2.11377
0,0,0,2.24369,2.11377
0,0,0,2.24369,2.11377
0,0,0,2.24369,2.11377
0,0,0,2.24369,2.11377
0,0,0,2.24369,2.11377
0,0,0,2.24369,2.11377
0,3.68322e-05,0,2.24369,2.11377
0,0.000214938,0,2.24369,2.11377
0,4.39597e-05,0,2.24369,2.11377
0,0,0,2.24369,2.11377
0,0.00021675,0,2.24369,2.11377
0,0,0,2.24369,2.11377
0,0,0,2.24369,2.11377
0,0,0,2.24369,2.11377
0,0,0,2.24369,2.11377
0,6.40144e-05,0,2.24369,2.11377
0,4.93706e-05,0,2.24369,2.11377
0,0.000240736,0,2.24369,2.11377
0,0,0,2.24369,2.11377
0,0,0,2.24369,2.11377
0,0,0,2.24369,2.11377
0,0,0,2.24369,2.11377
0,5.92468e-05,0,2.24369,2.11377
0,0,0,2.24369,2.11377
0,0.000220574,0,2.24369,2.11377
0,0,0,2.24369,2.11377
0,0,0,2.24369,2.11377
0,0.000236884,0,2.24369,2.11377
0,3.82445e-05,0,2.24369,2.11377
0,0,0,2.24369,2.11377
0,0,0,2.24369,2.11377
0,0,0,2.24369,2.11377
0,2.45076e-05,0,2.24369,2.11377
0,0,0,2.24369,2.11377
0,0,0,2.24369,2.11377
0,3.50747e-05,0,2.24369,2.11377
0,0,0,2.24369,2.11377
0,0.000234935,0,2.24369,2.11377
0,2.8056e-05,0,2.24369,2.11377
0,3.76248e-05,0,2.24369,2.11377
0,0,0,2.24369,2.11377
0,0,0,2.24369,2.11377
0,0,0,2.24369,2.11377
0,2.1299e-05,0,2.24369,2.11377
0,0,0,2.24369,2.11377
0,0.000176085,0,2.24369,2.11377
0,0,0,2.24369,2.11377
0,0.00022184,0,2.24369,2.11377
0,0,0,2.24369,2.11377
0,0,0,2.24369,2.11377
0,0,0,2.24369,2.11377
0,2.45243e-05,0,2.24369,2.11377
0,0,0,2.24369,2.11377
0,3.06247e-05,0,2.24369,2.11377
0,0,0,2.24369,2.11377
0,0,0,2.24369,2.11377
0,0,0,2.24369,2.11377
0,0,0,2.24369,2.11377
0,0,0,2.24369,2.11377
0,0.000214037,0,2.24369,2.11377
0,6.40259e-05,0,2.24369,2.11377
0,0,0,2.24369,2.11377
0,0,0,2.24369,2.11377
0,0,0,2.24369,2.11377
0,0,0,2.24369,2.11377
0,0,0,2.24369,2.11377
0,0,0,2.24369,2.11377
0,0,0,2.24369,2.11377
0,2.76476e-05,0,2.24369,2.11377
0,0.000230368,0,2.24369,2.11377
0,0,0,2.24369,2.11377
0,3.16283e-05,0,2.24369,2.11377
0,0,0,2.24369,2.11377
0,0,0,2.24369,2.11377
0,0,0,2.24369,2.11377
0,3.38527e-05,0,2.24369,2.11377
0,0.000237287,0,2.24369,2.11377
0,2.49482e-05,0,2.24369,2.11377
0,2.133e-05,0,2.24369,2.11377
0,0,0,2.24369,2.11377
0,0,0,2.24369,2.11377
0,0,0,2.24369,2.11377
0,0,0,2.24369,2.11377
0,4.01752e-05,0,2.24369,2.11377
0,0.00023516,0,2.24369,2.11377
0,0,0,2.24369,2.11377
0,0,0,2.24369,2.11377
0,0,0,2.24369,2.11377
0,0.000438487,0,2.24369,2.11377
0,0.000216259,0,2.24369,2.11377
0,0,0,2.24369,2.11377
0,0,0,2.24369,2.11377
0,3.51037e-05,0,2.24369,2.11377
0,0,0,2.24369,2.11377
0,2.78984e-05,0,2.24369,2.11377
0,0,0,2.24369,2.11377
0,0.000218428,0,2.24369,2.11377
0,0,0,2.24369,2.11377
0,0,0,2.24369,2.11377
0,0,0,2.24369,2.11377
0,0,0,2.24369,2.11377
0,0,0,2.24369,2.11377
0,0,0,2.24369,2.11377
0,0,0,2.24369,2.11377
0,0.000219696,0,2.24369,2.11377
0,0,0,2.24369,2.11377
0,2.09319e-05,0,2.24369,2.11377
0,0,0,2.24369,2.11377
0,0,0,2.24369,2.11377
0,2.29159e-05,0,2.24369,2.11377
0,0,0,2.24369,2.11377
0,0,0,2.24369,2.11377
0,0,0,2.24369,2.11377
0,0,0,2.24369,2.11377
0,0,0,2.24369,2.11377
0,0,0,2.24369,2.11377
0,0,0,2.24369,2.11377
0,0,0,2.24369,2.11377
0,0,0,2.24369,2.11377
0,0.000218819,0,2.24369,2.11377
0,2.07018e-05,0,2.24369,2.11377
0,0,0,2.24369,2.11377
0,0.000198335,0,2.24369,2.11377
0,0,0,2.24369,2.11377
0,2.01236e-05,0,2.24369,2.11377
0,0,0,2.24369,2.11377
0,0,0,2.24369,2.11377
0,2.85006e-05,0,2.24369,2.11377
0,0,0,2.24369,2.11377
0,2.17728e-05,0,2.24369,2.11377
0,0,0,2.24369,2.11377
0,0,0,2.24369,2.11377
0,0.000227192,0,2.24369,2.11377
0,0,0,2.24369,2.11377
0,0.000441334,0,2.24369,2.11377
0,0,0,2.24369,2.11377
0,0,0,2.24369,2.11377
0,0,0,2.24369,2.11377
0,0,0,2.24369,2.11377
0,0,0,2.24369,2.11377
0,0,0,2.24369,2.11377
0,4.7523e-05,0,2.24369,2.11377
0,0,0,2.24369,2.11377
0,0,0,2.24369,2.11377
0,0.000217776,0,2.24369,2.11377
0,0.000246943,0,2.24369,2.11377
0,0,0,2.24369,2.11377
0,0.000217924,0,2.24369,2.11377
0,0,0,2.24369,2.11377
0,0,0,2.24369,2.11377
0,0,0,2.24369,2.11377
0,0,0,2.24369,2.11377
0,0.000213419,0,2.24369,2.11377
0,0,0,2.24369,2.11377
0,2.84036e-05,0,2.24369,2.11377
0,2.30909e-05,0,2.24369,2.11377
0,0,0,2.24369,2.11377
0,0,0,2.24369,2.11377
0,0,0,2.24369,2.11377
0,3.51981e-05,0,2.24369,2.11377
0,0,0,2.24369,2.11377
0,0,0,2.24369,2.11377
0,0,0,2.24369,2.11377
0,0,0,2.24369,2.11377
0,0,0,2.24369,2.11377
0,0,0,2.24369,2.11377
0,0.000184395,0,2.24369,2.11377
0,3.3006e-05,0,2.24369,2.11377
0,0,0,2.24369,2.11377
0,0,0,2.24369,2.11377
0,0,0,2.24369,2.11377
0,0,0,2.24369,2.11377
0,0,0,2.24369,2.11377
0,0,0,2.24369,2.11377
0,0,0,2.24369,2.11377
0,0.000429005,0,2.24369,2.11377
0,0,0,2.24369,2.11377
0,3.50945e-05,0,2.24369,2.11377
0,0,0,2.24369,2.11377
0,0,0,2.24369,2.11377
0,0,0,2.24369,2.11377
0,0,0,2.24369,2.11377
0,0,0,2.24369,2.11377
0,0,0,2.24369,2.11377
0,2.68314e-05,0,2.24369,2.11377
0,0,0,2.24369,2.11377
0,0,0,2.24369,2.11377
0,0,0,2.24369,2.11377
0,0,0,2.24369,2.11377
0,0,0,2.24369,2.11377
0,0,0,2.24369,2.11377
0,0,0,2.24369,2.11377
0,0,0,2.24369,2.11377
0,0,0,2.24369,2.11377
0,0.000241734,0,2.24369,2.11377
0,0,0,2.24369,2.11377
0,6.09972e-05,0,2.24369,2.11377
0,0,0,2.24369,2.11377
0,0,0,2.24369,2.11377
0,0,0,2.24369,2.11377
0,0,0,2.24369,2.11377
0,0,0,2.24369,2.11377
0,0,0,2.24369,2.11377
0,2.98384e-05,0,2.24369,2.11377
0,0,0,2.24369,2.11377
0,0,0,2.24369,2.11377
0,0,0,2.24369,2.11377
0,0,0,2.24369,2.11377
0,0,0,2.24369,2.11377
0,0,0,2.24369,2.11377
0,3.04572e-05,0,2.24369,2.11377
0,0,0,2.24369,2.11377
0,0.000216566,0,2.24369,2.11377
0,2.49276e-05,0,2.24369,2.11377
0,0,0,2.24369,2.11377
0,0,0,2.24369,2.11377
0,0,0,2.24369,2.11377
0,0,0,2.24369,2.11377
0,0.000214566,0,2.24369,2.11377
0,3.55976e-05,0,2.24369,2.11377
0,4.44263e-05,0,2.24369,2.11377
0,0,0,2.24369,2.11377
0,0.000234344,0,2.24369,2.11377
0,0.000218899,0,2.24369,2.11377
0,3.68454e-05,0,2.24369,2.11377
0,0,0,2.24369,2.11377
0,0,0,2.24369,2.11377
0,3.92671e-05,0,2.24369,2.11377
0,0.000441057,0,2.24369,2.11377
0,0,0,2.24369,2.11377
0,0,0,2.24369,2.11377
0,0,0,2.24369,2.11377
0,0,0,2.24369,2.11377
0,6.30493e-05,0,2.24369,2.11377
0,0,0,2.24369,2.11377
0,0.000259348,0,2.24369,2.11377
0,0,0,2.24369,2.11377
0,3.159e-05,0,2.24369,2.11377
0,0.000222917,0,2.24369,2.11377
0,0,0,2.24369,2.11377
0,0,0,2.24369,2.11377
0,0,0,2.24369,2.11377
0,0,0,2.24369,2.11377
0,0,0,2.24369,2.11377
0,0,0,2.24369,2.11377
0,0,0,2.24369,2.11377
0,0,0,2.24369,2.11377
0,0,0,2.24369,2.11377
0,0,0,2.24369,2.11377
0,0,0,2.24369,2.11377
0,0,0,2.24369,2.11377
0,2.29918e-05,0,2.24369,2.11377
0,3.16483e-05,0,2.24369,2.11377
0,0,0,2.24369,2.11377
0,0,0,2.24369,2.11377
0,3.98232e-05,0,2.24369,2.11377
0,0,0,2.24369,2.11377
0,0,0,2.24369,2.11377
0,0,0,2.24369,2.11377
0,0,0,2.24369,2.11377
0,0,0,2.24369,2.11377
0,0,0,2.24369,2.11377
0,2.93479e-05,0,2.24369,2.11377
0,0,0,2.24369,2.11377
0,0.000215768,0,2.24369,2.11377
0,0,0,2.24369,2.11377
0,0,0,2.24369,2.11377
0,0.000149038,0,2.24369,2.11377
0,0,0,2.24369,2.11377
0,0,0,2.24369,2.11377
0,0,0,2.24369,2.11377
0,0,0,2.24369,2.11377
0,0,0,2.24369,2.11377
0,0,0,2.24369,2.11377
0,0,0,2.24369,2.11377
0,0,0,2.24369,2.11377
0,0.000213758,0,2.24369,2.11377
0,0,0,2.24369,2.11377
0,0,0,2.24369,2.11377
0,0,0,2.24369,2.11377
0,0,0,2.24369,2.11377
0,0,0,2.24369,2.11377
0,0,0,2.24369,2.11377
0,0,0,2.24369,2.11377
0,0,0,2.24369,2.11377
0,0.000230354,0,2.24369,2.11377
0,0,0,2.24369,2.11377
0,0,0,2.24369,2.11377
0,0,0,2.24369,2.11377
0,3.11786e-05,0,2.24369,2.11377
0,0.000195249,0,2.24369,2.11377
0,0,0,2.24369,2.11377
0,0,0,2.24369,2.11377
0,0.000223897,0,2.24369,2.11377
0,0,0,2.24369,2.11377
0,0,0,2.24369,2.11377
0,0,0,2.24369,2.11377
0,0,0,2.24369,2.11377
0,0,0,2.24369,2.11377
0,0,0,2.24369,2.11377
0,0,0,2.24369,2.11377
0,0.000217461,0,2.24369,2.11377
0,0,0,2.24369,2.11377
0,0,0,2.24369,2.11377
0,0,0,2.24369,2.11377
0,0,0,2.24369,2.11377
0,0,0,2.24369,2.11377
0,0,0,2.24369,2.11377
0,0.000189947,0,2.24369,2.11377
0,0,0,2.24369,2.11377
0,0,0,2.24369,2.11377
0,0,0,2.24369,2.11377
0,0,0,2.24369,2.11377
0,0,0,2.24369,2.11377
0,0,0,2.24369,2.11377
0,0,0,2.24369,2.11377
0,0,0,2.24369,2.11377
0,4.51093e-05,0,2.24369,2.11377
0,3.48273e-05,0,2.24369,2.11377
0,0,0,2.24369,2.11377
0,0,0,2.24369,2.11377
0,0,0,2.24369,2.11377
0,0,0,2.24369,2.11377
0,0,0,2.24369,2.11377
0,0,0,2.24369,2.11377
0,0,0,2.24369,2.11377
0,0,0,2.24369,2.11377
0,0.000216805,0,2.24369,2.11377
0,0.000419412,0,2.24369,2.11377
0,0,0,2.24369,2.11377
0,0,0,2.24369,2.11377
0,3.84473e-05,0,2.24369,2.11377
0,0.000427399,0,2.24369,2.11377
0,0,0,2.24369,2.11377
0,0,0,2.24369,2.11377
0,0,0,2.24369,2.11377
0,0.00021739,0,2.24369,2.11377
0,0,0,2.24369,2.11377
0,0,0,2.24369,2.11377
0,0,0,2.24369,2.11377
0,0,0,2.24369,2.11377
0,0,0,2.24369,2.11377
0,0,0,2.24369,2.11377
0,0,0,2.24369,2.11377
0,3.38231e-05,0,2.24369,2.11377
0,0,0,2.24369,2.11377
0,0,0,2.24369,2.11377
0,0,0,2.24369,2.11377
0,0,0,2.24369,2.11377
0,2.70384e-05,0,2.24369,2.11377
0,0,0,2.24369,2.11377
0,0,0,2.24369,2.11377
0,0,0,2.24369,2.11377
0,3.87321e-05,0,2.24369,2.11377
0,0,0,2.24369,2.11377
0,0,0,2.24369,2.11377
0,0,0,2.24369,2.11377
0,0,0,2.24369,2.11377
0,0,0,2.24369,2.11377
0,0,0,2.24369,2.11377
0,0,0,2.24369,2.11377
0,0.000208735,0,2.24369,2.11377
0,0,0,2.24369,2.11377
0,0.000221408,0,2.24369,2.11377
0,3.34154e-05,0,2.24369,2.11377
0,0.000215686,0,2.24369,2.11377
0,0,0,2.24369,2.11377
0,0,0,2.24369,2.11377
0,2.83916e-05,0,2.24369,2.11377
0,0.000190182,0,2.24369,2.11377
0,0,0,2.24369,2.11377
0,0,0,2.24369,2.11377
0,2.79195e-05,0,2.24369,2.11377
0,3.16077e-05,0,2.24369,2.11377
0,0.000219691,0,2.24369,2.11377
0,0,0,2.24369,2.11377
0,0,0,2.24369,2.11377
0,0,0,2.24369,2.11377
0,0,0,2.24369,2.11377
0,0,0,2.24369,2.11377
0,0,0,2.24369,2.11377
0,0,0,2.24369,2.11377
0,0,0,2.24369,2.11377
0,0,0,2.24369,2.11377
0,0,0,2.24369,2.11377
0,0,0,2.24369,2.11377
0,0,0,2.24369,2.11377
0,0,0,2.24369,2.11377
0,2.72361e-05,0,2.24369,2.11377
0,0,0,2.24369,2.11377
0,0,0,2.24369,2.11377
0,0.000231446,0,2.24369,2.11377
0,0.000240311,0,2.24369,2.11377
0,0.000246789,0,2.24369,2.11377
0,0.000230046,0,2.24369,2.11377
0,0,0,2.24369,2.11377
0,0.000230174,0,2.24369,2.11377
0,0,0,2.24369,2.11377
0,0,0,2.24369,2.11377
0,0,0,2.24369,2.11377
0,0,0,2.24369,2.11377
0,0,0,2.24369,2.11377
0,0,0,2.24369,2.11377
0,0,0,2.24369,2.11377
0,2.6764e-05,0,2.24369,2.11377
0,0,0,2.24369,2.11377
0,0,0,2.24369,2.11377
0,0.000193637,0,2.24369,2.11377
0,0,0,2.24369,2.11377
0,0,0,2.24369,2.11377
0,0,0,2.24369,2.11377
0,0,0,2.24369,2.11377
0,0,0,2.24369,2.11377
0,0,0,2.24369,2.11377
0,0,0,2.24369,2.11377
0,2.24368e-05